Cluster 0 genes,Cluster 0 # of shared factors,Cluster 1 genes,Cluster 1 # of shared factors,Cluster 2 genes,Cluster 2 # of shared factors,Cluster 3 genes,Cluster 3 # of shared factors,Cluster 4 genes,Cluster 4 # of shared factors,Cluster 5 genes,Cluster 5 # of shared factors,Cluster 6 genes,Cluster 6 # of shared factors,Cluster 7 genes,Cluster 7 # of shared factors,Cluster 8 genes,Cluster 8 # of shared factors,Cluster 9 genes,Cluster 9 # of shared factors,Cluster 10 genes,Cluster 10 # of shared factors,Cluster 11 genes,Cluster 11 # of shared factors,Cluster 12 genes,Cluster 12 # of shared factors,Cluster 13 genes,Cluster 13 # of shared factors,Cluster 14 genes,Cluster 14 # of shared factors,Cluster 15 genes,Cluster 15 # of shared factors,Cluster 16 genes,Cluster 16 # of shared factors,Cluster 17 genes,Cluster 17 # of shared factors,Cluster 18 genes,Cluster 18 # of shared factors,Cluster 19 genes,Cluster 19 # of shared factors,Cluster 20 genes,Cluster 20 # of shared factors,Cluster 21 genes,Cluster 21 # of shared factors,Cluster 22 genes,Cluster 22 # of shared factors,Cluster 23 genes,Cluster 23 # of shared factors,Cluster 24 genes,Cluster 24 # of shared factors,Cluster 25 genes,Cluster 25 # of shared factors,Cluster 26 genes,Cluster 26 # of shared factors,Cluster 27 genes,Cluster 27 # of shared factors,Cluster 28 genes,Cluster 28 # of shared factors,Cluster 29 genes,Cluster 29 # of shared factors,Cluster 30 genes,Cluster 30 # of shared factors,Cluster 31 genes,Cluster 31 # of shared factors,Cluster 32 genes,Cluster 32 # of shared factors,Cluster 33 genes,Cluster 33 # of shared factors,Cluster 34 genes,Cluster 34 # of shared factors
FAM189A2,16,TNC,14,DPP6,12,CFI,3,ALCAM,13,ID4,12,SOX6,13,CAMK2D,7,CARNS1,11,UNC5D,6,FGFR3,9,PAM,9,LINC00536,2,KHDRBS2,3,ADAMTS9,6,DNAH12,3,ATP8A2,8,DNAH11,2,AC103770.1,8,LSAMP,7,THSD7A,7,THSD4,4,DPYD,4,GBP1,3,C3,19,ITGA4,3,AC004448.2,1,ABCB5,1,TUBB2B,20,MTSS1,4,ABCA1,2,ABLIM3,1,WDR62,34,HSPH1,6,ATP13A4,5
OGFRL1,14,CD44,14,CHST11,11,SNTG1,3,GALNT13,12,DOCK7,12,FGF12,12,MIR4435-2HG,7,MOBP,11,DAB1,6,SDC4,9,ADAMTS9-AS2,9,EMCN,2,SMOC1,3,SLC4A4,6,SGK2,3,GABRG3,8,EFHC2,2,AC008467.1,8,AC110285.1,7,RND3,7,STK17B,4,WWTR1,4,ETV6,3,APBB1IP,19,GZMB,3,PIM3,1,MOXD1,1,DBI,20,PIK3R3,4,FNDC3B,2,NHS,1,C21ORF58,34,PPP1R15A,6,LINC00299,5
MAP3K5,14,VCL,13,MAP3K1,11,PLEKHG1,3,DNM3,12,LIFR,12,CADM2,12,CDK6,7,ERMN,11,RGS7,6,SLC6A11,9,ITPR1,9,PRKCH,2,GULP1,3,ELOVL2,6,MTHFD2L,3,SYT1,8,SERPINI2,2,LINC00326,8,SSH2,7,SETBP1,7,ADAMTS6,4,ADAMTS9,4,HLA-E,3,HCLS1,19,LCP1,3,MYL12A,1,LINC02391,1,ACTB,20,SOX11,4,PKP4,2,MXD1,1,MSH5,34,UBC,6,AQP4,5
ITPR2,14,SAMD4A,13,SLC24A3,11,PRKD1,3,ADGRL3,12,ANKFN1,12,SMOC1,11,CYTOR,7,ST18,11,ANK3,6,TPD52L1,9,MEF2A,9,PTH2R,2,GLCCI1,3,CPNE4,6,AC025159.1,3,SLIT3,8,CFAP52,2,AC024901.1,8,SLC44A1,7,PROX1,7,AGMO,4,CNTNAP3B,4,RSAD2,3,PTPRC,19,LCK,3,NANS,1,LINC02397,1,ACTG1,20,NRXN3,4,PLCB1,2,MYOF,1,SMC4,34,CCDC59,6,HIF3A,5
ETNPPL,14,IGFBP7,13,NRXN1,11,ETV6,3,MIR181A2HG,12,GLIS3,12,PDE4B,11,CHRM3,7,PTGDS,11,GRM7,5,AL157396.1,9,EPAS1,9,LINC02511,2,PTPRO,3,AC092957.1,6,LINC00862,3,SLC35F3,8,DRC1,2,IL12RB2,8,RASGEF1B,7,MYT1L,7,AKAP6,4,SPOCD1,4,RUFY4,3,OLR1,19,KLRC1,3,NCBP2AS2,1,LINC02821,1,B2M,20,CELF4,4,FAM20C,2,NAMPT,1,LMNB1,34,UBB,6,LINC01727,5
NRG3,13,DEC1,13,REV3L,11,ADAMTS14,3,SH3D19,12,ARHGEF26-AS1,11,KIF13A,11,RGS6,6,TF,11,MEG8,5,ACSS3,9,P4HA1,9,LINC02476,2,SH3D19,3,TRMT9B,6,TSPYL2,3,GABRA1,8,ERICH3,2,LINC01208,8,RAPGEF1,7,NEDD4L,7,IQSEC2,4,RASSF8,4,HERC6,3,CSF2RA,19,JAML,3,NLRC3,1,LRP4,1,GAPDH,20,PAK5,4,PPARD,2,NAV2,1,KNL1,34,HSP90AA1,6,SLC6A1,5
CD38,13,ELL2,13,KAT2B,11,SCN1A,3,NOVA1,12,DCLK1,11,MAML2,11,KIAA1211L,6,FOLH1,11,LRRC7,5,LGI1,9,GBE1,9,DISC1FP1,2,EYA1,3,COL28A1,5,BNIP3L,3,GABRB2,8,C8ORF34,2,AC068633.1,8,ENPP6,7,FRMD4A,7,OPHN1,4,NEAT1,4,HELZ2,3,INPP5D,19,ITK,3,NR1D1,1,MACORIS,1,RPS2,19,SLCO5A1,4,PRELID2,2,NBR2,1,PLK4,34,IFRD1,6,LDB2,5
FMN2,13,CADPS,13,TNR,10,EPHA3,3,GRIK2,11,MIR99AHG,11,FGF14,11,KLHL4,6,NKAIN2,11,SNHG14,5,AC027117.2,9,PFKP,9,LINC02240,2,EPCAM-DT,3,LAMA2,5,BET1,3,DLGAP2,8,C4ORF47,2,LINC01482,8,EPB41L2,7,SILC1,7,AL355306.2,4,GAP43,4,SAMD9,3,LCP2,19,ITGAL,3,NUPR1,1,MALRD1,1,NDUFB7,19,SLAIN1,4,EHBP1,2,NCOA7,1,EZH2,34,CACYBP,6,ATP1A2,5
LINC01088,13,ACTN1,13,PTPRZ1,10,SLC1A2,3,GRIA2,11,ADCY2,11,COL11A1,11,CDH2,6,PLEKHH1,11,GRM5,5,LINC00299,9,ARRDC3,9,AC097518.2,2,SLC24A3,3,RORA,5,GBE1,3,SV2B,8,SLC47A2,2,DNAH12,8,PKP4,7,FNBP1L,6,HEPACAM,4,POSTN,4,SAMD9L,3,CSF1R,19,AC004687.1,3,ODF3B,1,MAP3K1,1,NDUFS5,19,DCLK1,4,DPYD,2,NEBL,1,Z94721.1,34,HSPA1A,6,SLC4A4,5
KCNN3,13,GBP2,12,LRRTM4,10,ADCY2,3,GLCCI1,11,SORBS1,11,VCAN,11,HIVEP3,6,MYO1D,11,MEG3,5,GRM3,8,VEGFA,9,AP005230.1,2,SATB1-AS1,3,CNR1,5,AC098829.1,3,SLC17A7,8,CFAP54,2,AC009264.1,8,BMPER,7,TOX3,6,KIAA1211,4,SATB2,4,SAMHD1,3,LY86,19,INPP5D,3,OSER1,1,ME1,1,RPS3A,19,DCLK2,4,RAI14,2,NEDD4,1,NCAPH,34,MCL1,6,SLC1A3,5
DAAM2,13,BCL6,12,SEZ6L,10,COL8A1,3,MAP2,11,RNF19A,10,PLAAT1,11,SPRY4,6,PLP1,11,KCNQ3,5,AC097518.2,8,BNIP3L,8,GALNT17,2,SYT16,3,AC064875.1,5,AC104248.1,3,CCSER1,8,SLC9C2,2,CORIN,8,PKP4-AS1,7,KLHDC8A,6,GHR,4,NRCAM,4,GPR39,3,DOCK8,19,IL7R,3,OSGIN1,1,MIR217HG,1,NME2,19,DCX,4,RASAL2,2,NEK11,1,RRM2,34,DNAJB1,6,LRIG1,5
AC002429.2,13,GLIS3,12,SOX2-OT,10,TNIK,3,ARPP21,11,PARD3B,10,ALCAM,11,TRIO,6,CTNNA3,11,NRG3,5,AC106845.1,8,CA12,8,EPHA6,2,TCF7L1,3,COL23A1,5,MGAM,3,GALNTL6,7,DNAAF1,2,AC019117.1,8,PLCB1,7,PAK3,6,PLCB1,4,MAP1B,4,GCH1,3,CD53,19,IL2RG,3,PELO,1,MMP16,1,RPS27A,19,PBX1,4,RASSF8,2,NEMP1,1,STIL,34,HSPA1B,6,LIFR,5
OBI1-AS1,13,EMP1,12,CSMD1,10,LINC01993,3,PCDH15,11,GRAMD2B,10,MEGF11,11,ADAMTS9,6,CNDP1,11,RBFOX1,5,RGS20,8,ZNF395,8,AC093866.1,2,MTAP,3,POSTN,5,AC021851.2,3,KCNC2,7,NAA11,2,LINC01933,8,TMEM163,7,GPR137C,6,NHSL1,4,C6ORF141,3,GBP5,3,TBXAS1,19,IKZF3,3,PLA2G4C,1,MPPED2,1,RPS25,19,SOX2-OT,4,RGS17,2,NHSL2,1,DIAPH3,34,ARL4C,6,SHROOM3,5
NTRK2,13,SERPINA3,12,LHFPL3,10,TPST1,3,FAM110B,11,DCLK2,10,UST,10,WWTR1,6,MOG,11,PPFIA2,4,ALDH1A1,8,PDK1,8,ERVMER61-1,2,AL139393.1,3,TRPM3,5,GPC5,3,GABRG2,7,CFAP57,2,LINC01934,8,TMEM132B,7,ELAVL4,6,PARD3B,4,CHI3L1,3,GBP3,3,IKZF1,19,IKZF1,3,AC006449.6,1,AC006206.2,1,RPS24,19,NEDD4L,4,DIAPH1,2,AC005237.1,1,POLQ,34,HSPA6,6,AHCYL2,5
SYTL4,12,NAMPT,12,SEMA5A,9,STOX1,3,EGFR,11,GFAP,10,GRID2,10,SPRED2,6,ENPP2,11,GRIN2B,4,AC124852.1,8,IGFBP5,8,AC090015.1,2,KCNMB2-AS1,2,FAT3,5,LINC02646,3,MYT1L,7,SPAG1,2,AC078923.1,8,TMEM108,7,PKIA,6,FMNL3,4,TENT5A,3,PARP12,3,TFEC,19,GZMK,3,PLCD1,1,NAV2,1,RPS20,19,SEMA6D,4,DGKH,2,NIBAN1,1,PBK,34,RND3,6,C1ORF61,5
WDR49,12,TPST1,11,RGS7,9,GLI3,2,MAML2,11,WLS,10,FYN,10,VAV3,6,EDIL3,11,CACNA1C,4,LINC00499,8,AKAP12,8,AC084816.1,2,KCNMB2,2,RUBCNL,5,AC138627.1,3,CDH12,7,SPAG17,2,MSH4,8,BCAS1,7,INSM1,6,PARD3,4,SHC1,3,SFMBT2,3,PLXDC2,19,GZMH,3,PLIN2,1,NCALD,1,RPL27,19,ROBO2,4,ROR1,2,NPNT,1,NCAPG,34,TCIM,6,DTNA,5
ADGRV1,12,GAP43,11,MMP16,9,GRIA1,2,SNTG1,11,ABLIM1,9,VCAN-AS1,10,PLAT,6,MAP7,11,ATP8A2,4,ACSBG1,8,INSIG2,8,LINC01811,2,KCND3,2,ARHGAP26,5,AL390957.1,3,HS6ST3,7,SPATA17,2,SGO1-AS1,8,GPR17,7,KALRN,6,CSGALNACT1,4,SIPA1L1,3,ERAP2,3,CD74,19,GRAP2,3,PLIN3,1,NOS2,1,RPS19,19,BCL11A,4,RPS6KA3,2,NQO2,1,CIP2A,34,HSPB1,6,ITPR2,5
LIFR,12,NEAT1,11,LRRC4C,9,GRIK3,2,OR4N2,11,TNIK,9,DNM3,10,SATB2,6,MAG,11,PLPPR4,4,GJA1,8,ABCA1,8,AC078923.1,2,GRIK3,2,ARHGAP18,4,AL357153.2,3,FRMPD4,7,MOK,2,AC105290.1,8,AL359091.1,7,KCNH7,6,CTDSPL,4,SLC4A7,3,RNF213,3,CD84,19,LINC00426,3,PLXNB2,1,NPNT,1,RPS18,19,KCNH7,4,SERPINE1,2,NTRK2,1,KIF15,34,TCP1,6,RGMA,5
AQP4,12,SPOCD1,11,LRRN1,9,GRIN2B,2,CSMD3,10,AC093535.1,9,OPCML,10,CHRM3-AS2,6,SELENOP,11,GABRB1,4,GJB6,8,SLC6A6,8,AC112206.2,2,IGF2BP3,2,SPRY4,4,SMIM12,3,SYT7,7,ARMC2,2,AC092813.1,8,SOX6,7,AC099792.1,6,SLC8A1,4,HMGA2-AS1,3,EPSTI1,3,SAMSN1,19,GPR174,3,PMP22,1,NPSR1-AS1,1,RPS6,19,PIP5K1B,4,CLIP1,2,NUPR1,1,SMC2,33,HSPE1,6,TFCP2L1,5
ID3,11,GFAP,11,MTSS1,9,HS3ST3B1,2,RAB27B,10,BMPR1B,9,DSCAM,10,SIPA1L1,6,RNF220,10,ANKS1B,4,ANGPTL4,8,SLC2A3,8,AC113414.1,2,KCNQ1,2,SRPX,4,LRRC69,3,LINGO2,7,CFAP61,2,SPDYA,8,PRKCE,7,CEMIP2,6,RIDA,4,CLIC4,3,SP100,3,LNCAROD,19,GNLY,3,PNRC1,1,NRIP1,1,RPS16,19,HECW1,4,CLIC4,2,OSBPL11,1,SPC25,33,BAG3,6,COL23A1,5
OSBPL11,11,MAP3K14,10,KCNIP1,9,KLHDC8A,2,KLRC2,10,NTRK2,9,OPHN1,10,GAP43,6,AK5,10,KCNC2,4,GPC5,8,SLC2A1,8,AC116362.1,2,KCNQ1OT1,2,RHOJ,4,LUCAT1,3,LRFN5,7,FANK1,2,AC005487.1,8,SRCIN1,7,GRIK2,6,SNX7,4,LINC02821,3,DTX3L,3,NCKAP1L,19,GIMAP7,3,POLR2K,1,NRXN1,1,RPS15,19,CACNA2D3,3,SETBP1,2,PAG1,1,NCAPG2,33,ID2,6,ALDH1L1,5
DPP10,11,FN1,10,KCND2,9,LINC00511,2,SOX6,10,RFX4,9,MAP2,10,KCNIP1,6,PPP1R14A,10,TENM2,4,ADGRV1,8,EGLN3,8,CNBD1,2,HIP1,2,CCDC175,4,AL078604.4,3,LRRC7,7,CASC1,2,AC097522.2,8,TF,7,CACNA2D1,6,EPHB1,3,LMCD1-AS1,3,SP110,3,AC079015.1,19,FYB1,3,PPP1R15A,1,OSBPL10,1,UBA52,19,CERS6,3,FLNB,2,PCA3,1,CENPI,33,ANKRD33B,5,PCDH9,4
SERPINI2,11,CLIC4,10,PTPRD,9,LINC01122,2,AL353784.1,10,PACRG,9,TNR,10,PCNX2,6,CDH19,10,AL024495.1,4,PREX2,8,ENO2,8,ARHGAP15,2,KCTD8,2,CCN4,4,USP36,3,SNAP25,7,NEK11,2,AC005355.1,8,TCF7L2,7,STMN2,6,AL589740.1,3,NRP1,3,SP140L,3,LAPTM5,19,FLI1,3,PRKG1,1,PAPOLG,1,RPS13,19,BCL11B,3,GBE1,2,PCGF5,1,UBE2T,33,UGCG,5,ADGRV1,4
TLR4,11,PDE8B,10,NXPH1,9,IFI16,2,AL512308.1,10,NKAIN3,9,ZNF804A,10,GRIA3,5,PEX5L,10,KIRREL3,4,PRKG1,8,NDRG1,8,MT-ND5,2,HAPLN1,2,KCNE4,4,LINC02340,3,TMEM132D,7,CFAP46,2,AL078604.4,8,FYN,7,SOX11,6,HIF3A,3,CDH2,3,DDX60L,3,TLR2,19,EMB,3,PRSS3,1,PARD3,1,RPS11,19,PAK3,3,BCL2L1,2,PDCD4,1,TMPO,33,AMD1,5,KCNJ16,4
NAA11,11,MAP1B,10,NTRK3,9,ILDR2,2,AC002069.2,10,LHFPL6,9,AL512308.1,10,ILDR2,5,RNASE1,10,CACNA1E,4,PRR5,8,LUCAT1,7,MT-CO1,2,AC003991.1,2,AC092924.2,4,AL160314.2,3,PCLO,7,EFCAB6,2,NUP210L,7,PPP1R16B,7,MIR99AHG,6,AKAP13,3,LONRF2,3,DDX60,3,RNASET2,19,DOCK8,3,MRPL50,1,LINC02378,1,RPS10,19,PTPRD,3,GLIS3,2,MTHFD2L,1,CEP152,33,TRA2B,5,KCNN3,4
MGAT4C,11,TENM4,10,WSCD1,9,GALNT17,2,GRIA4,10,AHCYL1,9,GALNT13,10,IL1RAP,5,SLC7A14-AS1,10,GABBR2,4,AL109809.5,8,FNDC3B,7,MTUS2,2,KANK1,2,SLC8A1-AS1,4,PKD1L1,3,HCN1,7,DRC7,2,LEKR1,7,FRMD5,7,MAP1B,6,DCC,3,CCDC102B,3,DDX58,3,SPP1,19,DOCK2,3,MRPL36,1,LINC02058,1,RPS17,19,PRKCA,3,MEG8,2,MTHFD2,1,SKA3,33,ERO1A,5,PDZRN3,4
AC026316.5,11,SOD2,10,XYLT1,9,IMMP2L,2,PDE10A,10,LRIG1,9,MDGA2,9,AC092691.1,5,CLDND1,10,CAMK2B,4,FAM198B-AS1,8,ADM,7,MT-ATP8,2,FNBP1L,2,ARHGAP6,4,AC008467.1,3,SYN2,7,CFAP221,2,KLRD1,7,FRMD4B,7,DCX,6,TMEM132C,3,PDPN,3,CXCL10,3,SRGN,19,CYTIP,3,MKNK2,1,LINC02008,1,NDUFA4,19,PPFIBP1,3,MIR222HG,2,MTHFD1L,1,SHCBP1,33,HSPD1,5,KLHDC8A,4
EEPD1,10,SORBS1,10,PDGFRA,8,KCND3,2,CALCRL,10,BBOX1,8,GRIA2,9,CPNE4,5,PIP4K2A,10,LINC01122,4,GPC5-AS2,8,TRIM2,7,AL603840.1,2,GRID2,2,SLC1A2,4,AC009404.1,3,CNTNAP2,7,CFAP206,2,IL34,7,FRMD4A,7,NFIA-AS2,6,CDH20,3,SYTL5,3,STAT1,3,FLI1,19,CTSW,3,MGST1,1,LINC01965,1,RPLP2,19,PATJ,3,MPP6,2,MT2A,1,POC1A,33,BNIP3L,5,MEOX2,4
RASSF4,10,ANXA2,10,CDH10,8,GAS7,2,ETV1,10,VCL,8,ADGRL3,9,IQGAP2,5,APLP1,10,SH3GL3,4,SHROOM3,8,ESYT2,7,AL591506.1,2,GALNT10,2,LINC01949,4,LINC01191,3,NELL1,7,CFAP100,2,IGF2BP2,7,APCDD1,7,TFDP2,6,SEMA4B,3,SRPX2,3,TAP1,3,SLCO2B1,19,CRYBG1,3,ITGA5,1,IL1RAPL2,1,SRP14,19,PLS3,3,LINC01411,2,LARP6,1,KIF11,33,RRAD,5,AL589740.1,4
AL392086.3,10,VMP1,10,DLG2,8,FBXL7,2,PTPRZ1,10,EDNRB,8,DGKB,9,BCAT1,5,GSN,10,DLG2,4,DLC1,8,ERO1A,7,AL390957.1,2,LINC00461,2,RPH3A,4,AC011997.1,3,STXBP5L,7,DTHD1,2,TPH2,7,ACAN,7,AF279873.3,5,RNF150,3,MAN2A1,3,TAP2,3,CYBB,19,CORO1A,3,ITGBL1,1,JAG1,1,TPI1,19,FNBP1L,3,MTHFD1L,2,LIMCH1,1,NDC80,33,SQSTM1,5,FMN2,4
SLC4A4,10,PGM2L1,10,PCDH9,8,FNDC3B,2,ZEB1,10,SPARCL1,8,SCD5,9,TRIM9,5,SHTN1,10,DPP10,4,CARMIL1,8,AL136131.3,7,LINC00578,2,FAM110B,2,RTN1,4,WNT2B,3,CALY,7,NPHP1,2,NFE2L3,7,PCDH7,7,ROBO2,5,GRK3,3,CADPS,3,TAPBP,3,ATP8B4,19,CD7,3,JAGN1,1,KCNE4,1,EEF1A1,19,CADM2,3,MYH9,2,LIMS1,1,NEIL3,33,PDK1,5,SLC6A11,4
EDNRB,10,SERPINE1,10,OPCML,8,FMN2,2,ELMO1,10,DTNA,8,DLGAP1,9,LRATD1,5,SAMD12,10,EDIL3,4,SLC39A12,8,OSMR-AS1,7,AL353595.1,2,ERC2,2,AC109492.1,4,PIWIL2,3,STMN2,7,RGS22,2,ASB15,7,SLC2A13,7,ROBO1,5,PCSK2,3,SRPX,3,CMPK2,3,VSIG4,19,CD69,3,KDR,1,KCNIP1,1,TMSB4X,19,CASC15,3,NAMPT,2,LINC00571,1,KIF18B,33,TWISTNB,5,SLC1A2,4
SLC39A11,10,FOSL2,10,PLPPR1,8,CNTNAP3B,2,NRXN1,10,ASTN2,8,LSAMP,9,NOVA1,5,CLMN,10,CNTNAP2,4,CABLES1,8,OXR1,7,AL138720.1,2,EGFR,2,LDB2,4,PILRA,3,CHD5,7,RMST,2,GRK7,7,SHROOM4,7,RNF165,5,AL590617.2,3,CNIH3,3,HLA-F,3,MSR1,19,LCP2,3,KIF22,1,KCNJ16,1,ELOB,19,NMNAT2,3,KIF26B,2,LINC00698,1,MIR924HG,32,BIRC3,5,SLC15A2,4
ATP1A2,10,ZFP36,10,AC007402.1,8,CTNNA3,2,DPP6,10,DNAH7,8,TNS3,9,METTL7B,5,SPOCK3,10,SLC4A10,4,PAMR1,8,ANGPTL4,7,AL136456.1,2,DSCAM,2,SCN7A,4,CHRNE,2,NRXN3,6,CFAP47,2,C5ORF66,7,SGCD,7,CTNNA2,5,EAF2,3,DNMBP,3,IDO1,3,RGS1,19,LINC01871,3,KLHDC8B,1,KIAA1217,1,TMSB10,19,DLX6-AS1,3,JAZF1,2,LINC00836,1,REXO5,32,CCN1,5,ESRRG,4
SLCO1C1,10,WWTR1,10,AC023480.1,8,DCLK2,2,MARCH1,10,ANOS1,8,PKP4,9,JAG1,5,SH3TC2,10,CNR1,4,SLC1A3,8,ANXA2,7,CFAP299,2,DPP6,2,ADAMTS9-AS1,4,SLC26A7,2,AL117329.1,6,DYNLRB2,2,FER1L6,7,SEMA4D,7,AFF3,5,FAT3,3,MEG8,3,CFH,3,PIK3R5,19,CD48,3,KRT10,1,KLHDC8A,1,FAU,19,FRY,3,ITGA3,2,LINC00882,1,AURKB,32,MAP1LC3B,5,CADM1,4
AHCYL2,10,GADD45A,10,LHFPL3-AS1,8,DOK5,2,LINC02294,9,LINC01088,8,SLC44A1,9,DENND2A,5,AC090015.1,10,CLSTN2,4,SLC1A2,8,ANKRD28,7,LY86-AS1,2,DNM3,2,PTPRG,4,AMPD3,2,NRG1,6,NEK5,2,PKD1L1,7,AC006058.1,7,RMST,5,ANKFN1,3,PRRX1,3,LYPD1,3,MS4A7,19,SLAMF6,3,LAMTOR5,1,KLRC2,1,FTH1,19,GAD1,3,NR6A1,2,LINC01376,1,CCDC150,32,OSER1,5,CARMIL1,4
SPON1,10,CCN1,10,CA10,7,DPF3,2,AL110292.1,9,PTCHD1-AS,8,PHYHIPL,9,PALM2-AKAP2,5,CLDN11,10,FAM155A,4,WIF1,8,PRELID2,7,POU6F2,2,COL4A3,2,DGKG,4,MFAP3,2,NRGN,6,ROPN1L,2,AL390957.1,7,AC008080.4,7,SRRM4,5,PHACTR1,3,HIVEP3,3,PARP14,3,ITGAX,19,TXK,3,LGALS3,1,LDLRAD3,1,FTL,19,ERBB4,3,NRCAM,2,LINC02340,1,MYBL1,32,DNAJB6,5,SEC14L1,4
SLC1A3,10,CNN3,10,MPPED2,7,DPY19L1,2,PHLPP1,9,SYTL4,8,SGK1,9,SPRED1,5,TMEM144,10,CELF4,4,CPQ,8,ARL4C,7,AC078845.1,2,CHST9,2,PDE3A,4,GRK7,2,TAFA1,6,EFCAB12,2,SLC10A1,7,SH3RF3,7,MIAT,5,GLYATL2,3,GSAP,3,OASL,3,ARHGAP15,19,TRG-AS1,3,LINC00910,1,LHFPL3,1,H3F3B,19,GRIP2,3,IMMP2L,2,LINC02615,1,TACC3,32,TCEAL9,5,CHPT1,4
GRAMD2B,10,HAS2,10,NTM,7,DTNA,2,BEST3,9,GALNT15,8,SERINC5,9,NRCAM,5,MYRF,10,RIMS1,4,F3,8,PYGL,7,RYR2,2,CELF2,2,AL356124.1,4,AL645465.1,2,IQCJ-SCHIP1,6,CCDC40,2,COL21A1,7,MOG,7,PTPRK,5,SORCS3,3,IGF2BP2,3,OAS3,3,C1QB,19,TRBC2,3,LINC00944,1,LHFPL3-AS1,1,RPS8,19,ELAVL4,3,IL1RAP,2,LINC02646,1,FOXM1,32,SLC38A2,5,DGKG,4
DTNA,10,F3,10,RAB31,7,EEPD1,2,LDLRAD3,9,AC073941.1,8,LINC00511,9,FREM2,5,C10ORF90,10,RIMBP2,4,ATP1A2,8,DNAH11,7,GALNTL6,2,CDK6,2,PPP2R2B,4,SNX31,2,SLC4A10,6,CCDC30,2,AL590434.1,7,MPZL1,7,DISP3,5,SYBU,3,GPR158,3,OAS2,3,LINC02232,18,TRBC1,3,LINC01257,1,LINC00355,1,HSPA8,19,KALRN,3,NRP1,2,LRIF1,1,DEPDC1B,31,JUN,5,DCLK2,4
AC012405.1,10,RASD1,10,GRM5,7,ELMOD1,2,DSCAML1,9,AC012405.1,8,FERMT1,9,DPF3,5,MBP,10,FRAS1,4,PTGDS,8,SLC16A1,7,AC010343.3,2,CACNA2D1,2,FIGN,4,CORIN,2,KCNJ3,6,RPGR,2,AC092353.1,7,ZEB2,7,RBFOX3,5,CACNB2,3,IGFBP7,3,OAS1,3,FMN1,18,TRAF3IP3,3,LINC01579,1,LINC00528,1,RPL27A,19,KCNMB2,3,OSBP2,2,LYST,1,MIS18BP1,31,KLF6,5,NPAS3,4
NKAIN3,10,PRRX1,10,SRGAP2,7,ETV1,2,XKR4,9,ARAP2,8,CCDC26,8,SPATA6,5,DOCK5,10,FRMPD4,4,MEGF10,8,C4ORF47,7,IL12A-AS1,2,CACNA1E,2,ATP13A4,4,AL606489.1,2,FAM153CP,6,EFCAB2,2,AL136456.1,7,MVB12B,7,PTPRN2,5,ATP13A4,3,GFPT2,3,PARP9,3,LINC01374,18,TRAC,3,LINC02296,1,LINC01185,1,MARCKS,19,KIAA1211,3,HS2ST1,2,MAFG,1,KIFC1,31,CREBRF,5,RORA,4
NTM,10,BAALC,9,FGF14,7,F3,2,UST,9,PLEKHA5,8,P2RX7,8,CNKSR2,4,ABCA2,10,CCDC85A,4,ME1,8,HILPDA,7,AC008691.1,2,LDLRAD3,2,PALM2-AKAP2,4,MDM2,2,RBFOX3,6,CCDC170,2,LINC02763,7,MYRF,7,RIT2,5,FOXO1,3,GALNT2,3,NRIR,3,HLA-DRB1,18,TNIP3,3,LINC02680,1,LINC01241,1,MARCKSL1,19,DYNC1I1,3,PACS1,2,MAGI2-AS3,1,NUSAP1,31,USPL1,5,ZNF521,4
SLC14A1,10,TCIM,9,MAP2,7,FAM126A,2,CTNNA2,9,WDR49,8,DLGAP1-AS5,8,HS2ST1,4,UNC5C,10,PCLO,4,AQP4,8,MIR210HG,7,IQCM,2,MAP3K1,2,CHL1,4,AL591043.2,2,RBFOX1,6,CCDC146,2,IL12A-AS1,7,LINC01170,7,CLVS1,5,SSBP2,3,PMEPA1,3,NMI,3,HLA-DRA,18,TNFSF8,3,LITAF,1,LINC01446,1,MIF,19,KLF12,3,PALM2-AKAP2,2,MAT2A,1,ESPL1,31,CHORDC1,5,AC008957.1,4
DCLK2,10,LYST,9,OLIG1,7,LRRTM3,2,TMEFF2,9,ID3,8,DLGAP1-AS4,8,TNFRSF12A,4,AC012494.1,10,KLHL29,4,EFNA5,8,PLOD2,7,LINC01470,2,LINC01322,2,TENT5A,4,HAGH,2,RAPGEF5,6,CFAP69,2,LINC00880,7,UGT8,7,KIAA1324L,5,PTPRT,3,FNDC3B,3,NLRC5,3,SYK,18,TMC8,3,MAF,1,LINC01505,1,TUBA1A,19,DLX6,3,SPRED1,2,MCL1,1,MELK,30,DNAJA1,5,MAPK4,4
DCLK1,10,RFTN1,9,KCNMB2,7,FHIT,2,SOX4,9,RGMA,8,DISC1,8,GLDC,4,NKX6-2,10,MIR137HG,4,CGNL1,7,SORCS3,7,STEAP1B,2,SPHKAP,2,ADGRL2,4,CFAP161,2,TENM2,6,ANKRD45,2,LINC00589,7,CLDN11,7,LINC00609,5,RAD51B,3,RBMS1,3,MX2,3,FYB1,18,THEMIS,3,MAFF,1,LINC01508,1,TUBA1B,19,MYT1L,3,MAP1B,2,MGAM,1,SPC24,30,ZFAND2A,5,WIPF3,4
ID4,10,FRMD5,9,TNK2,7,FIGN,2,ADAM22,9,RETREG1,8,SAMHD1,8,MYO16,4,DBNDD2,10,LINGO2,4,GRAMD1C,7,NRP1,7,USH2A,2,SGCZ,2,NOS1AP,4,SLC4A5,2,RALYL,6,ANKFN1,2,LINC01504,7,NFASC,7,ANK2,5,FRY,3,RCAN2,3,MX1,3,SLC11A1,18,TC2N,3,MAP1LC3B,1,LINC01828,1,CHCHD2,19,LINC00535,3,TET3,2,MIR99AHG,1,IQGAP3,30,DNAJB4,5,MEIS1,4
AC124854.1,9,GBP1,9,SOX5,7,LRRC4C,2,LINC01322,9,GNG12-AS1,8,SH3D19,8,CHL1,4,VRK2,9,NELL1,4,AL137139.2,7,PGK1,7,AC011287.1,2,SINHCAF,2,MECOM,3,NUP210L,2,VSNL1,6,VWA3B,2,MGAM,7,SILC1,7,LINC01619,5,MERTK,3,RFFL,3,PLEKHA4,3,SFMBT2,18,SYTL3,3,MAP2K3,1,LINC01876,1,PFN1,19,LINC02488,3,ACTN1,2,MSC-AS1,1,CEP135,29,GEM,5,AC008957.2,4
LINC01094,9,MAN1C1,9,ZEB1,7,A2M,2,MIR181A1HG,9,DAPK1,7,COL20A1,8,CDK14,4,PLPP2,9,NAV3,4,ETNPPL,7,AC097534.2,7,LINC01500,2,SLC1A1,2,NEAT1,3,OARD1,2,GRIN1,6,TTC34,2,LINC01214,7,CDK18,7,LINC01748,5,SLC1A3,3,RGS17,3,PLSCR1,3,RCSD1,18,STAT4,3,MATN4,1,LINC01923,1,TPT1,19,LRRC7,3,ATP13A3,2,MT1X,1,RTKN2,29,TAF7,5,BBOX1,3
PCDH9,9,NRP2,9,SLC2A13,7,LZTS1,2,FERMT1,9,KCNN3,7,PCDH15,8,CDH4,4,LINC01608,9,NTM,4,RYR3,7,YBX3,7,AC016766.1,2,SLC22A3,2,PCSK5,3,MCEE,2,NECAB1,6,TTLL9,2,AC010343.3,7,TNS2,7,AC004160.1,5,PAPLN,3,FBLIM1,3,PML,3,LILRB4,18,SLFN12L,3,RCAN3,1,PCBP3,1,RPLP1,19,DAB1,3,TUBB6,2,PDE1C,1,LINC01572,29,PLOD2,5,GLI3,3
GABBR2,9,TIMP3,9,SH3D19,7,PLCE1,2,NOL4,9,CLU,7,CA10,8,NEK6,4,GRM3,9,SRRM4,3,FRMPD2,7,MSRA,7,LINC00871,2,SNTG1,2,AL355306.2,3,CWC25,2,CACNA1B,6,AC099788.1,2,LINC02073,7,TNS3,7,PDE4D,5,NDRG2,3,ITGAV,3,PSMB9,3,FGD2,18,SLAMF1,3,RCAN3AS,1,PCDH15,1,PTMA,19,MEIS2,3,WWTR1,2,PER1,1,BUB1B,29,MOB4,5,PPARGC1A,3
PARD3B,9,HRH1,9,SNTG1,7,PREX2,2,GRID2,9,PITPNC1,7,AFAP1L2,8,STK17A,4,KLK6,9,MARCH4,3,FXYD1,7,IRS2,6,AC004917.1,2,SOX2-OT,2,MED12L,3,SNHG14,2,ZNF385B,6,DNAI1,2,LINC01823,7,KCNS3,7,NRP1,5,NKAIN3,3,ESR2,3,IFI16,3,ARHGAP25,18,PARP15,3,RHOC,1,PCDH7,1,RPL24,19,MIR181A1HG,3,ATP10A,2,PER3,1,CDC25C,29,AHSA1,5,AQP4-AS1,3
PDE8A,9,ZFP36L2,9,ANK3,7,PROM1,2,LHFPL3,8,COL28A1,7,GRIA4,8,STK32A,4,QDPR,9,MAGI3,3,GABRA2,7,CAV1,6,AC068633.1,2,SYNE1,2,NOS2,3,HAVCR2,2,RYR2,6,IQUB,2,LINC02196,7,SIRT2,7,MYO16,5,KCNIP1,3,PLA2R1,3,LINC02328,3,IRAK3,18,SKAP1,3,SPHK1,1,SORCS1,1,RPL23,19,CNTNAP4,3,TNC,2,SQSTM1,1,FBXO5,28,INSIG2,5,NCAN,3
LRIG1,9,YBX3,9,CNTN1,7,RFX4,2,AC233296.1,8,CD99,7,MARCH1,8,STK32B,4,SEPTIN4,9,NEGR1,3,DTNA,7,SYTL2,6,GNGT1,2,LRP1B,2,ARSJ,3,GUCA1B,2,ENC1,6,DNAH9,2,LINC01588,7,AC079148.3,7,BASP1,5,MME,3,EHBP1,3,LINC02100,3,CLEC7A,18,SCML4,3,SRP14,1,SPATA6,1,RPL28,19,MPPED2,3,ADAMTS9-AS2,2,SYNE1,1,ESCO2,28,INSIG1,5,RANBP3L,3
C5ORF64,9,CCL2,9,AMZ1,7,SAMD4A,2,LRRN1,8,ADGRV1,7,ZEB2,8,MED12L,4,CNP,9,CALB2,3,EMX2,7,CEBPD,6,AC034268.2,2,TMEM196,2,AL360178.1,3,FAM200A,2,OLFM3,6,DNAH7,2,LINC02408,7,CRB1,7,NYAP2,5,AC091826.2,3,PGM2L1,3,PTK2B,3,LRMDA,18,RUNX3,3,SS18L2,1,SPRY4,1,RPL21,19,CNTN5,3,TSHZ3,2,SYNPR,1,BARD1,28,PLCG2,5,DMD,3
RNF19A,9,GLUL,9,ARHGAP42,7,SCN1A-AS1,2,DLL3,8,RASSF4,7,LINC02283,8,CAMK2B,4,ANKRD18A,9,RAPGEF5,3,GNA14-AS1,7,SPNS2,6,AC009975.1,2,TOX3,2,ARAP2,3,ANKUB1,2,GRIN2A,6,DNAH6,2,LINC02341,6,LCNL1,7,ONECUT2,5,KCNH7,3,DPYSL3,3,LAP3,3,WDFY4,18,RHOH,3,SULT1A1,1,ST6GALNAC5,1,RPL19,19,RIMBP2,3,VKORC1L1,2,TBC1D8,1,KIF4A,28,CRY1,4,PLD5,3
SPARCL1,9,PFKFB3,9,CSPG5,7,SEMA3A,2,CELF2,8,APOE,7,SLC2A13,8,ARHGEF26,4,HAPLN2,9,SPTBN4,3,AL356737.2,7,LYST,6,LINC01320,2,TRIO,2,NKAIN3,3,MGAM2,2,NELL2,6,VWA3A,2,LINC02398,6,PRICKLE1,7,SLC17A6,5,AC092902.4,3,ARSJ,3,AC002074.1,3,LPCAT2,18,RCSD1,3,TCEAL7,1,STS,1,RPL18A,19,PTPRN2,3,USP53,1,TBX15,1,TBC1D31,28,KDM3A,4,AC012405.1,3
AC093535.1,9,JUNB,9,PDE4B,7,SEMA3E,2,RAPGEF4,8,AC103923.1,7,AC009041.2,8,ARSJ,4,MTUS1,9,GABRG2,3,GNA14,7,SSBP2,6,MIPOL1,1,UST,2,AL596087.2,3,RNF6,2,CNTN5,6,WDR49,2,AL512328.1,6,DNM3,6,AC011900.1,5,AC068587.4,3,HMGA2,3,JAK2,3,CD86,18,PYHIN1,3,TCEAL9,1,SYK,1,RPL15,19,FLRT2,3,OSBPL8,1,TNC,1,CKAP2L,28,BNIP3,4,LRRC3B,3
FADS2,9,MAPK4,8,PID1,7,SETBP1,2,TOX3,8,TMEM232,7,ANO3,8,C6ORF141,4,MAL,9,CACNA1D,3,GLUL,7,CAST,6,MKI67,1,VCAN,2,NOVA1,3,NAF1,2,TCERG1L,6,FHAD1,2,ARHGEF28,6,FGF12,6,ZNF804A,5,TPCN1,3,ARHGEF3,3,ISG15,3,ADAM28,18,PTPRC,3,TM4SF1,1,TAF3,1,RPL13A,19,RIMS1,3,UNC13B,1,TNNI3K,1,CIT,28,CRYAB,4,GPM6A,3
PLEKHA5,9,CDH11,8,DCC,7,SIPA1L1,2,RFTN2,8,SSBP2,7,PDGFC,8,GALR1,4,CD22,9,WSCD2,3,CST3,7,ARHGEF10,6,MGAM2,1,ZNF804B,2,MYRFL,3,FAM184B,2,TESPA1,5,WDR63,2,TG,6,FAM13C,6,UNC79,5,LINC01677,3,TRIO,3,IRF1,3,LINC02642,17,PTPN22,3,TMBIM1,1,TENM1,1,RPL13,19,SOX4,3,UST,1,TPK1,1,NOSTRIN,28,EIF1,4,RGS20,3
ASTN2,9,DCLK1,8,NCALD,7,SIPA1L2,2,HIP1,8,LIMCH1,7,DSCAML1,8,PTPRZ1,4,CNTN2,9,PTPRN2,3,FAM107A,7,CA9,6,MGAM,1,SEZ6L,2,ABCA6,3,CBLB,2,TENM3,5,DNAH5,2,LINC02613,6,FA2H,6,BOC,5,ENTPD1-AS1,2,AC007098.1,3,IL15,3,SLC2A5,17,PTGDR,3,TMC1,1,TMEM176B,1,RPL12,19,AC017053.1,3,UTRN,1,TPM1,1,CEP128,27,CNN3,4,ALK,3
ADAMTS9,9,SPRED1,8,PLEKHH2,7,SOCS2-AS1,2,BRINP3,8,ITPR2,7,RBPJ,8,SH3PXD2B,4,ATP1B1,9,PRLR,3,EMX2OS,7,PFKFB4,6,MIR3681HG,1,SERINC5,2,LPL,3,NFE2L3,2,CELF4,5,WDR78,2,MANBA,6,RNF144A,6,HDAC9,5,EFR3B,2,ADAM12,3,IFIH1,3,HCK,17,PRKCH,3,TMSB4X,1,TMEM72-AS1,1,RPL11,19,UNC5D,3,VASP,1,TPM4,1,ANLN,26,CITED2,4,PHYHIPL,3
AC073941.1,9,NEDD9,8,SNX22,7,SOX2-OT,2,CHST9,8,PPP2R2B,7,NOVA1,7,RHOJ,4,OPALIN,9,BRINP1,3,RAB34,7,SCARB1,6,LINC01214,1,SEMA5A,2,GRIK1,3,CCDC30,2,CACNG3,5,LINC01088,2,AC084816.1,6,CD22,6,PBX1,5,MXI1,2,ARHGAP29,3,IFI6,3,MS4A6A,17,PRKCB,3,TNFAIP6,1,TP63,1,RPL29,19,TOX,3,NPAS2,1,TRIB3,1,KIF24,26,PGK1,4,MAP3K5,3
SLC24A4,9,SAT1,8,RIMS1,6,STK33,2,CBLB,8,NT5DC3,7,SOX10,7,SHROOM3,4,ST6GALNAC3,9,GRIA1,3,ACACB,7,BACE2,6,MIR4713HG,1,SDK1,2,DMD,3,C3ORF35,2,ASIC2,5,AC013470.2,2,AC004949.1,6,CNP,6,MARCH1,5,RGCC,2,ABCC3,3,IFI44L,3,CSF3R,17,PRF1,3,TNFRSF12A,1,TPRG1,1,RPL3,19,SNHG14,3,NRXN3,1,TRIM56,1,GTSE1,25,RRAGD,4,PTPRJ,3
PAPPA,9,LPAR1,8,SYN3,6,SULF1,2,SCN3A,8,NEBL,7,KCNIP4,7,ITGB8,4,FRMD4B,9,BASP1-AS1,3,MT1E,7,SLC39A14,6,MIR2052HG,1,SALL3,2,ESRRG,3,MTHFD1L,2,ATP1B1,5,ZBBX,2,AL008633.1,6,CADM2,6,LINC01102,5,RFX4,2,ENC1,2,IFI44,3,LYN,17,PPP1R16B,3,TOB1,1,TRPM3,1,RPL32,19,AFF3,3,TXNRD1,1,TXNRD1,1,MND1,25,HILPDA,4,ARHGAP26,3
AC068587.4,9,LMO2,8,MDGA2,6,TSHZ2,2,CADM2,8,AC068587.4,7,BRINP2,7,CREB5,4,SLC5A11,9,GRIP1,3,MRVI1,7,BHLHE40,6,LINC01091,1,REPS2,2,CPEB2,3,C21ORF62-AS1,2,GABRA4,5,DNAH12,2,PXDNL,6,SOX10,6,AL589740.1,4,ESRRG,2,JPH1,2,IFI35,3,CD14,17,PARP8,3,TRA2B,1,USH1C,1,RPL34,19,SNTG1,3,NRIP1,1,UCHL1,1,CDK1,25,CEBPG,4,EDNRB,3
FARP1,8,ARID5B,8,STXBP5L,6,PODXL,2,DLL1,8,RTN1,7,BCAS1,7,AC092958.1,4,PIEZO2,9,VAV3,3,MGST1,7,SLC22A23,6,LINC01208,1,PTPRT,2,COL5A2,3,MSH4,2,CAMK2A,5,LINC00880,2,LINC02680,6,GNAI1,6,SEZ6L2,4,RASL10A,2,KALRN,2,CIITA,3,ALOX5,17,CD53,3,TRIM25,1,USP6NL,1,RPL41,19,AC068308.1,3,OTUD7A,1,UMAD1,1,RFC3,25,TNFAIP3,4,C1ORF21,3
SORL1,8,ARHGEF3,8,IGSF21,6,PLCB4,2,BCHE,8,SEMA6A,7,PRKCE,7,INSYN2A,4,COL4A5,9,PPP2R2C,3,MARC2,7,TRIO,6,MSC-AS1,1,PTPRN2,2,FBXL7,3,GABRR2,2,ST6GALNAC5,5,DCDC1,2,CLVS1,6,ST18,6,SOX4,4,RBMS3,2,ELMOD1,2,PARP10,3,C1QC,17,ZNF831,3,TTTY14,1,VAV3,1,RPL38,19,UNC79,3,OSMR-AS1,1,UNC5B,1,HJURP,24,TMSB4X,4,TRPS1,3
ARHGAP26,8,STAT3,8,STK32A,6,MAP3K14,2,DOK6,8,NOS1AP,7,AL136114.1,7,LYST,4,CNTNAP4,9,LRRTM4,3,MAPK4,7,MYOF,6,MAP3K19,1,PTPRK,2,COL25A1,3,GAL3ST1,2,CNTN4,5,AC104078.2,2,PPP1R1C,6,PHYHIPL,6,APBA1,4,MYO10,2,SAT1,2,BTN3A1,3,GLDN,17,ARHGAP15,3,UPP1,1,VSTM4,1,RPL9,19,TENM1,3,VEGFA,1,UPP1,1,MKI67,24,SLC2A3,4,TTYH3,3
CADPS,8,ETV6,8,ANKS1B,6,PITPNC1,2,SLC2A13,8,AQP4-AS1,7,ARPP21,7,CSMD2,4,SLC24A2,9,VAT1L,3,PDE7B,7,TRIM9,6,MSH4,1,PTBP3,2,COL1A2,3,AL118516.1,2,EPHA6,5,AC105052.5,2,LINC02150,6,MBP,6,CLSTN2,4,LRIG1,2,ELL2,2,ATP10A,3,AC131944.1,17,AREG,3,VASN,1,WNK2,1,RPL39,19,SSH2,3,OXR1,1,VCL,1,VRK1,24,SEC61G,4,FAT3,3
ST3GAL6,8,LMCD1,8,SHC3,6,MCUB,2,IL1RAPL1,8,GAREM1,7,NRCAM,7,ITGA3,4,IL1RAPL1,8,SORBS2,3,PIR,7,SERPINE1,5,MSR1,1,PODN,2,CNTNAP3B,3,CCDC59,2,CNTNAP5,5,TTC29,2,PTGER3,6,MOB3B,6,ARL15,4,NCEH1,2,MT-CO2,2,AL157871.4,3,DENND3,16,AC079793.1,3,XIRP1,1,ZEB1,1,RPL8,19,AC068722.1,3,P3H2,1,VIM,1,RACGAP1,24,P4HA1,4,PREX2,3
ITPKB,8,DTNA,8,GAD1,6,MOXD1,2,NXPH1,8,EEPD1,7,LRP1B,7,ITGA7,4,CERCAM,8,LYPD6B,3,NTSR2,7,NPAS2,5,MT-ATP6,1,PCDH15,2,FRMD4B,3,RRM2B,2,EDIL3,5,PLTP,2,DCDC2C,6,AC005042.2,6,CELF4,4,LINC01748,2,EFNB2,2,TRIM22,3,FCGR2A,16,AC010609.1,3,ZC3H12A,1,ZEB1-AS1,1,RPL7A,19,SYT16,3,PALLD,1,XBP1,1,NEURL1B,24,ADM,4,PTPRT,3
GABRB1,8,BTBD11,8,LINC01322,6,CDH2,2,VCAN,8,EFEMP1,7,SCN3A,7,KLHL29,4,APOD,8,RIMS2,3,AC114971.1,7,ADCY8,5,LINC01090,1,PAK3,2,CHSY3,3,PVT1,2,CABP1,5,CFAP70,2,LINC00616,6,AC009041.2,6,CASC15,4,EPHA5,2,RTN1,2,WARS,3,TRPM2,16,CD2,3,ZFAND2A,1,ZFHX4,1,RPL17,18,ST8SIA5,3,TTTY14,1,YAP1,1,ECT2,24,WEE1,4,ELOVL2,3
FAM107A,8,ARHGAP29,8,FAM155A,6,MYO5B,2,VIPR2,8,OSBPL11,7,LHFPL3,7,AC124254.2,4,KIRREL3,8,HECW1,3,PDGFRB,7,EYA2,5,LINC00906,1,MSRA,2,GABRB1,3,ATP6AP1L,2,CREG2,5,MAP3K19,2,TSPAN8,6,TUBB4A,6,SEZ6L,4,MT1X,2,EFEMP1,2,XAF1,3,CCL4,16,AOAH,3,ZNF114-AS1,1,ZFHX4-AS1,1,SERF2,18,SYT1,3,PAM,1,YBX3,1,E2F7,24,PAM,4,TTYH1,3
MIR99AHG,8,GEM,8,AL589740.1,6,NEK6,2,MDGA2,8,FRMD5,7,DGKG,7,DPP6,4,CDK18,8,DGKI,3,MYBPC1,7,MT1X,5,LINC00877,1,MEG3,2,GALR1,3,MMP24OS,2,SRRM4,5,FRMPD2,2,LINC00881,6,OPCML,6,CNTN2,4,LRRC1,2,NFASC,2,TNFSF10,3,CCL3,16,CD3G,3,SQSTM1,1,SOX5,1,RPS15A,18,SH3RF3,3,PBX3,1,SYBU,1,PARPBP,24,SLC16A1,4,FGD4,3
ANK2,8,FOS,8,SCN1A,6,NPAS3,2,AC003991.1,8,PLTP,6,SLC1A1,7,KANK1,4,NT5DC1,8,DCC,3,LAMA1,7,PRUNE2,5,MT-CO2,1,ATP13A4,2,GAS1,3,SEC24D,2,FSTL4,5,CFAP73,2,GABRR2,6,P2RX7,6,DCC,4,LSAMP,2,KCNMA1,2,ZBP1,3,SH3TC1,16,CCL5,3,SOCS1,1,SMYD3,1,HSP90AB1,18,TMTC2,3,TSPAN9,1,SPARCL1,1,MGME1,23,BHLHE40,4,ARHGEF26,3
AC107223.1,8,TGFB2,8,SPATA6,6,NR2F2-AS1,2,AC007402.1,7,SLC4A4,6,AC004852.2,7,ZDHHC14,4,ASPA,8,SHISA9,3,ZNF98,7,CALD1,5,MT-CO3,1,LRRFIP1,2,GPR37,3,SEM1,2,FAM153B,5,MAATS1,2,AC015845.2,6,TNR,6,PLXNA4,4,SLC1A2,2,MT-ATP6,2,AC083837.1,3,DOCK2,16,ARHGDIB,3,RNF7,1,PCSK2,1,ANAPC11,18,ANK3,3,PCOLCE2,1,PGM2L1,1,BRCA2,23,AKAP12,4,AC024145.1,3
PPP2R2B,8,CLU,8,CSRNP3,6,NTM,2,PID1,7,LINC01138,6,GLCCI1,7,PREX1,4,PDE1C,8,MYO16,3,HOPX,7,DLG1,5,LINC00862,1,CA10,2,HIF3A,3,EPHA1-AS1,2,CDH18,5,TCTEX1D1,2,LINC00636,6,TNFRSF21,6,ROBO3,4,SLC15A2,2,ADAMTS9-AS1,2,ZC3HAV1,3,CD163,16,CARD11,3,SNRNP25,1,SLCO2A1,1,RPS21,18,ANKS1B,3,PCSK5,1,SNHG14,1,TPX2,23,H3F3B,4,CACHD1,3
LPL,8,KLF6,8,ESRRG,6,OSMR,2,SCD5,7,TLN2,6,FAM110B,7,P2RY14,4,PLD1,8,ABLIM2,3,KIAA0319,7,LGALS3,5,MT-CYB,1,AC002069.2,2,LPAR1,3,NPC1L1,2,NEFM,5,TEKT1,2,TRIM59,6,PPP2R2B,6,PAK5,4,CPNE5,2,DPF3,2,CD274,3,TMEM156,16,CD3E,3,ROR1-AS1,1,PDE3A,1,SSR4,18,ZNF536,3,PDE1C,1,PIGB,1,MXD3,23,NFKBIA,4,SLCO1C1,3
AL589935.1,8,COL4A1,8,AC013265.1,6,P3H2,2,PHYHIPL,7,TPST1,6,DOCK10,7,AC004828.2,4,HPN-AS1,8,ZNF536,3,IFITM3,7,NOL3,5,LINC00640,1,AC008050.1,2,CDK6,3,FAM227B,2,AK5,5,ODF3B,2,LINC01182,6,TMTC4,6,MAML3,4,MIR99AHG,2,TRPS1,2,ALPK1,3,RHBDF2,16,CD3D,3,RPL15,1,PDGFRA,1,RPL37A,18,ARX,3,PDGFC,1,PLPP1,1,FAM111A,23,HDAC9,4,PXDN,3
MRVI1,8,PALLD,8,LDLRAD3,6,PARD3B,2,NDST4,7,CD44,6,LINC00609,7,SLC35F1,4,HHATL,8,SGIP1,3,DKK3,6,DPYD,5,MDM2,1,ADGRL3,2,CDH6,3,SKAP1-AS1,2,NIPAL2,5,TMEM232,2,NPR3,6,PHACTR3,6,LINC00599,4,MCF2L2,2,ACSS3,2,USP18,3,IL1B,16,CD247,3,RPL22L1,1,PELI1,1,COX6A1,18,AC008056.1,3,PDLIM5,1,PROS1,1,APOLD1,23,VMP1,4,GRIA1,3
TNIK,8,CAMK2D,8,DOCK9,6,PCDH9,2,NTRK3,7,CFAP54,6,CELF2,7,CPNE8,4,LINC01445,8,CSMD3,3,NAV3,6,PCOLCE2,5,LINC01331,1,AC073050.1,2,JPH1,3,LINC01823,2,AJ009632.2,5,LRRC9,2,LINC01811,5,SEMA5A,6,LINC00461,4,MARCH3,2,SCG2,2,AP001610.2,3,SCIN,16,SAMD3,2,RPL36AL,1,PEX13,1,RPL7,18,WNK2,3,PDPN,1,PRUNE2,1,NUF2,23,HSP90AB1,4,LSAMP,3
AL160272.1,8,TPM4,8,NOVA1,6,PDE1C,2,ELAVL4,7,IL33,6,MACROD2,7,TANC1,4,PALM2-AKAP2,8,SEZ6L2,3,ATP1B2,6,ATP13A3,5,MALRD1,1,ANK3,2,CCDC102B,3,LY75,2,AGBL4,5,LRRC6,2,AL136441.1,5,ADRA1A,6,LHX1-DT,4,MAP2K6,2,TRPM3,2,APOL1,3,C1QA,16,AKNA,2,RPS27L,1,PIP4K2A,1,EIF1,18,STMN2,3,NMNAT2,1,PTPDC1,1,TOP2A,23,ZFP36L1,4,PPP2R2B,3
AC016766.1,8,TIPARP,8,DISC1,6,PDE4B,2,MTSS1,7,FMN2,6,RNF150,6,IGF2BP2,4,DLC1,8,SEZ6L,3,MT1M,6,RASSF8,5,LINC01440,1,ADAM22,2,CARMIL1,3,AC104389.5,2,KIAA1211L,5,PTPRQ,2,AL162414.1,5,PLD1,6,LHX1,4,DDAH1,2,KDR,2,APOL6,3,HLA-DPA1,16,BATF,2,RRAD,1,PKIA-AS1,1,RPL23A,18,GRM7,2,STK40,1,RFX2,1,ARHGAP11B,22,ZNF330,4,AL591686.2,3
RANBP3L,8,GADD45B,8,UNC80,6,PDZRN3,2,SMOC1,7,LINC01117,6,PHACTR3,6,EML4,4,AATK,8,DYNC1I1,3,ABLIM1,6,HK2,5,LINC01588,1,AC004852.2,2,ABCA8,3,TNFRSF10B,2,RGS4,5,AK1,2,LINC02576,5,PLP1,6,LEMD1,4,LRRC4C,2,DMD,2,TRIM5,3,FCGBP,15,ITGA1,2,S100A13,1,PRTFDC1,1,RPL26,18,GABRA2,2,NIBAN2,1,RHOQ,1,ARHGAP11A,22,RPS27L,4,GRIA4,3
ARHGEF4,8,UBASH3B,8,USP54,6,MRC2,2,DLGAP1-AS4,7,MASP1,6,RAPGEF4,6,ADAM19,4,TTLL7,8,ZNF385D,3,RANBP3L,6,AC107021.1,5,LINC01692,1,AC007376.2,2,KLHL29,3,AC092944.1,2,ABCA5,5,PACRG,2,AL078602.1,5,TMEFF2,6,KLHL35,4,DGKG,2,PDLIM7,2,AC006160.1,3,PIK3AP1,15,BCL2,2,S1PR1,1,PTPRZ1,1,RPS23,18,XKR4,2,MYADM,1,ROR1,1,KIF23,22,RHEB,4,RGS7,3
ADCY2,8,TRIO,7,PRKCA,6,ZNF385D,2,KCND2,7,NRG3,6,LUZP2,6,COL22A1,4,SEC14L5,8,SCN2A,3,SULT1A1,6,GRB10,5,LINC01807,1,ARL15,2,LAMB1,3,TNNI3K,2,AC019211.1,5,AGBL4,2,KCNMB2-AS1,5,GNB4,6,NRXN1,4,SCG3,2,SERPINE1,2,AC005909.2,3,AL392172.2,15,IL32,2,SDC4,1,PUS10,1,RPS14,18,HIVEP3,2,MAST4,1,SCPEP1,1,PRC1,22,NFIL3,4,HTRA1,3
NPL,8,NAV2,7,KCNIP4,6,ARID5B,2,MMP16,7,CNN3,6,SIRT2,6,ACSS3,4,RAPGEF5,8,ZMAT4,3,NTM,6,AC098829.1,5,LINC01524,1,AL589740.1,2,PDE7B,3,AC079447.1,2,PTPRR,5,PPP1R42,2,MYOCOS,5,MAG,5,HRK,4,DIPK1A,2,DEC1,2,TRIM56,3,TYROBP,15,BIN2,2,SEC61G,1,RAPGEF5,1,RPS4X,18,LINC01102,2,ME1,1,SESN1,1,BIRC5,22,FAM210A,4,TMTC2,3
KCNQ5,8,ITPKB,7,PANTR1,6,AC125613.1,2,DLGAP1,7,SPON1,6,C2ORF27A,6,SRPX,3,TMEM235,8,CNTN5,3,AC007389.1,6,FAM20C,5,LINC01934,1,ATG10,2,LINC01727,3,LINC02245,2,LY86-AS1,5,LRGUK,2,SLC7A11-AS1,5,GLRA3,5,PCSK2,4,DISP1,2,DCBLD2,2,AC004551.1,3,LRRK1,15,IL2RB,2,SEPHS2,1,REL,1,RPS28,18,ABTB2,2,MEG3,1,SESN2,1,PRR11,22,ATF3,4,COL4A5,3
AC079352.1,8,PRUNE2,7,SLC35F1,6,AC002074.1,2,TMEM196,7,ADCY8,6,SEMA5B,6,FRMD5,3,TMTC2,8,ESRRG,3,COL5A3,6,FKBP5,5,LINC02073,1,AC099792.1,2,BEST3,3,LINC00880,2,GRM7,5,CFAP43,2,LINC02641,5,SEMA5B,5,DSCAML1,4,RORA,2,CXCL14,2,APOL2,3,CD83,15,SPN,2,SERTAD3,1,RIT2,1,UBL5,18,GABRB2,2,YBX3,1,SIPA1L1,1,RAD51AP1,22,GLUL,4,ADCY2,3
LIX1,7,EGR1,7,CDH20,6,AL050309.1,2,VCAN-AS1,7,VIM,6,AC006058.1,6,MEIS1,3,TPPP,8,CLEC2L,3,ECHDC2,6,IMMP2L,5,LINC02109,1,PLXNA4,1,BCAT1,3,UFL1-AS1,2,MCHR2,5,NTRK2,1,IL1R1,5,FAM83D,5,GLCE,4,DOCK4,2,PDE4D,2,RTP4,2,RBM47,15,SLFN13,2,SLC25A5,1,RNF220,1,RPL35A,18,LMO3,2,MGAT5,1,SLC13A3,1,CENPK,22,SOD2,4,KANK1,3
APOE,7,CLCF1,7,PDZD2,6,AC018616.1,2,CXXC4,7,TENM4,6,IL1RAPL1,6,ESR2,3,SLC31A2,8,ROBO1,3,CADM1,6,ID2,5,LINC02163,1,PRKD1,1,LINC02300,3,ULK4,2,AC090709.1,5,PARD3B,1,MLIP-AS1,5,LIMS2,5,PIK3R3,4,MTHFD2,2,LAMB1,2,KCND3,2,APOC2,15,IL10RA,2,SLC30A8,1,ROBO2,1,RPL36,18,LRRN1,2,MICAL2,1,SLC15A4,1,NEMP1,22,SNIP1,4,COL5A3,3
SLC25A48,7,IFI16,7,KIF13A,6,CADM1,2,ZNF804A,7,AC091826.2,6,ARHGAP22,6,SEMA5A,3,GPR37,8,CHL1,3,AC008957.2,6,FN1,5,LINC02196,1,PRKCA,1,LINC02821,3,UMAD1,2,MEG3,5,AC004949.1,1,AC103409.1,5,PTGDS,5,GABRB3,4,LINC01117,2,ERC2,2,KALRN,2,MS4A4A,15,GZMA,2,SMIM26,1,RPH3A,1,PTMS,18,KCNB2,2,YAP1,1,SLC19A2,1,CENPU,21,NFKB1,4,AC092691.1,3
ADCYAP1R1,7,MYOF,7,KLF12,6,AC243829.2,2,CDH2,7,AC234582.1,6,PTCH1,6,ENC1,3,TUBB4A,8,CHD5,3,AC079142.1,6,SAMD4A,5,LINC01504,1,PRDM16,1,PDE4D,3,AC021851.1,2,MIR137HG,5,NOL4,1,PLSCR2,5,CPM,5,PLEKHA6,4,ID4,2,FAM20C,2,IRF7,2,BLNK,14,ATP2A3,2,SNHG12,1,RSU1,1,RPL35,18,GSE1,2,MIR4435-2HG,1,SLC25A25,1,CCDC18,21,HES1,4,NTM,3
AHCYL1,7,DPYD,7,EGFR,6,ATRNL1,2,UGT8,7,AC091078.1,6,AL359091.1,6,SYNJ2,3,SH3TC2-DT,8,RIT2,3,GLI3,6,NEAT1,4,LINC01483,1,PPP2R3A,1,NPNT,3,LINC00881,2,NKAIN2,5,NEK10,1,AL606489.1,5,NTN1,5,PRDM8,4,FGFR2,2,ACP6,2,IL1R1,2,KCNK13,14,IFNG-AS1,2,SNHG19,1,RYR3,1,RPS27,18,FRMD4A,2,MLIP,1,SLC38A1,1,CHEK2,21,GRB10,3,COL8A1,3
RASL12,7,ABCC3,7,DENND2A,5,AC073050.1,2,SERINC5,7,AC079385.1,6,JAZF1,6,COL4A2,3,SH3GL3,8,HDAC9,3,SPARCL1,6,ABI3BP,4,LINC01482,1,POU6F2,1,DCN,3,AC019117.1,2,KCTD16,5,LINC00609,1,HORMAD2,5,GPC3,5,PROX1-AS1,4,PDE3A,2,PRAG1,2,RIPOR2,2,C3AR1,14,ICOS,2,SNHG21,1,SESN3,1,BTF3,18,SYN3,2,XKR6,1,SLC38A2,1,CDCA8,21,GPCPD1,3,LGR6,3
GINS3,7,CHI3L1,7,ETV5,5,AC110023.1,1,EPB41,7,LINC01748,6,KAZN,6,MEG8,3,FA2H,8,SHANK2,3,LUCAT1,6,IGF1R,4,LINC02267,1,POLR2F,1,TSHZ2,3,UTP23,2,AC011287.1,5,LINC00894,1,AP001977.1,5,PADI2,5,PTCSC3,4,PCTP,2,PROX1,2,IFIT3,2,IRF8,14,SIDT1,2,SNHG3,1,SHROOM3,1,ATP5MF,18,SVOP,2,MSN,1,SLC7A11,1,BUB1,21,HIST1H4E,3,ACSBG1,3
PTPRG,7,NRCAM,7,NLGN4X,5,PGM2L1,1,SEZ6L,7,FAM135B,6,RBMS3,6,SEMA3E,3,LINC00320,8,TMEM130,3,LHX2,6,MYO9B,4,MACROD2,1,PHACTR3,1,ADGRV1,3,AC016831.7,2,AL591501.1,5,LINC01091,1,GLRA1,5,DGKB,5,EBF3,4,KLHL25,2,ZNF385D,2,AL353807.5,2,VAV1,14,SLA,2,SNHG8,1,SIPA1L2,1,RPS7,18,LSAMP,2,MSRB3,1,SLFN5,1,PIMREG,21,SLC6A6,3,CTNNA2,3
AL096709.1,7,SOCS3,7,PEAK1,5,AC092958.1,1,CDH10,7,AC092902.4,6,TMEFF2,6,MAP3K1,3,ZNF536,8,TAFA2,3,CHL1,6,VLDLR-AS1,4,LINC02269,1,PIK3R3,1,RGS6,3,AC015845.2,2,KCNB2,5,LINC01094,1,RSPO2,5,PARD3B,5,RAB3C,4,KCNT2,2,HECTD2,2,IFITM3,2,USP53,14,NCR1,2,SNHG9,1,SLCO1A2,1,RPL30,18,MAN2A1,2,MTCL1,1,SNED1,1,TTK,21,HIST1H2AC,3,CPEB2,3
BMP2K,7,NIBAN1,7,CNTN6,5,PMP22,1,EPCAM-DT,7,DPY19L1,6,AL353784.1,6,POSTN,3,TMEM165,7,KCNJ3,3,INTU,6,IGFBP3,4,LINC01435,1,PKP4,1,ROR1,3,LINC01031,2,NPTX1,5,LINC01602,1,C2CD6,5,EPHB1,5,SRRM3,4,CNKSR2,2,HRH1,2,ICAM1,2,CX3CR1,14,HCST,2,IRF4,1,IGFBP2,1,ATP5F1E,18,GLCCI1,2,WWC2,1,KLF9,1,AC073529.1,21,SLC2A1,3,NPL,3
MCF2L2,7,RNF19A,7,NSG2,5,PMP2,1,PIK3R3,7,AC092924.2,6,SOX8,6,DLC1,3,TMEM125,7,SYT1,3,LRRC3B,6,PTCHD1-AS,4,LINC02336,1,PLXNA2,1,TMOD1,3,WDR25,2,HTR1E,5,LINC02018,1,C2ORF88,5,KAZN,5,MIR137HG,4,KCNQ5,2,PTK2B,2,IFIT2,2,ACSL1,14,ACAP1,2,IL32,1,HIVEP3,1,UQCRB,18,THSD7A,2,VOPP1,1,IRS2,1,DEPDC1,21,OSBPL8,3,LFNG,3
RBMS3,7,LINC02821,7,NCKAP5,5,PLSCR1,1,NKD1,7,STON2,6,SSH2,6,DNMBP,3,CSRP1,7,ADGRL4,3,F11-AS1,6,MYO1E,4,LINC02641,1,PLXDC1,1,ACSS3,3,AC010210.1,2,PACSIN1,4,LINC02055,1,LINC02006,5,DLG1,5,TSPAN18,4,NRXN1,2,HS3ST5,2,UTRN,2,PDGFB,14,IL18R1,2,IER5L,1,HIP1,1,RPS12,17,LINC00461,2,NIBAN1,1,IQGAP2,1,OIP5,21,FAM126A,3,AGMO,3
SLCO3A1,7,COL8A1,7,PHLPP1,5,PLS3,1,RNF150,6,C8ORF34,5,LIMD1,6,ETV5,3,TMEM151A,7,PLPPR1,3,RNF43,6,C2CD2,4,LINC01414,1,PLPPR4,1,AC124254.2,3,LINC02150,2,POU6F2,4,LMNTD1,1,CCDC73,5,DOCK10,5,TOX,4,HEPN1,2,PRKG1,2,AL356010.2,2,STAB1,14,RAB11FIP1,2,AC117465.1,1,AC092957.1,1,RPL36A,17,LARGE1,2,MYO16,1,AL357153.2,1,DLGAP5,21,GJC1,3,LHFPL6,3
AL445426.1,7,A2M,7,ARHGAP20,5,PLPP4,1,LUZP2,6,CACHD1,5,PODN,6,DEC1,3,ATP8A1,7,KSR2,3,CSRP1,6,NIBAN1,4,LINC02680,1,PHLDB2,1,RYR3,3,LINC01214,2,PDE1A,4,LRAT,1,PLBD1-AS1,5,ITPR2,5,ZNF536,4,OSBPL11,2,PTPN14,2,APOBEC3G,2,TNFRSF1B,14,ITM2A,2,ADRA2C,1,AC093912.1,1,RPL22,17,GNG2,2,MYO1D,1,AL591043.2,1,KIF14,21,ENO2,3,AC073941.1,3
CARMIL1,7,NFATC2,7,SH3KBP1,5,AC103923.1,1,HES6,6,SPAG1,5,FXYD6,6,ABCC3,3,NINJ2,7,UNC79,3,TRPM3,6,GSE1,4,LINC02694,1,PID1,1,SATB2,3,WDR78,2,CDH9,4,LRIG3,1,LINC00534,5,PLEKHA6,5,VWDE,4,HES1,2,GRB10,2,IFI30,2,HLA-DPB1,14,PIK3R5,2,AJ003147.2,1,AC113167.1,1,MRFAP1,17,HECW2,2,MYO9B,1,AL596330.2,1,SGO1,21,FAM162A,3,SASH1,3
CACNA2D3,7,MIR4435-2HG,6,SLAIN1,5,PGM5,1,ERC2,6,KANK1,5,UNC80,6,LONRF2,3,BCAS1,7,NRG1,3,SLC25A18,6,IGFBP2,4,LINC01411,1,PLPPR1,1,TFCP2L1,3,AC005487.1,2,MTUS2,4,LRP1B,1,AC003666.1,5,FAM102A,5,TMEFF1,4,HES4,2,GPR37,2,IFIT1,2,IL18,14,NKG7,2,AL118516.1,1,AC129807.1,1,RPL37,17,GPM6A,2,VMP1,1,ALDH1L2,1,FANCD2,21,CXCL3,3,AL355306.2,3
CDHR3,7,ARID5A,6,CTNNA2,5,AC109492.1,1,DCX,6,PRRX1,5,ERBB4,6,CEMIP,3,LDB3,7,SYNPR,3,APOE,6,SNHG14,4,LINC01358,1,PLEKHA2,1,TENM4,3,AC005237.1,2,NAV3,4,LRRC23,1,TMPRSS12,5,PDE3B,5,AL133304.3,4,IL3RA,2,PTPRE,2,CFLAR,2,CARD11,13,NLRC3,2,AL138828.1,1,AC233296.1,1,NDUFB11,17,HUNK,2,NAV2,1,ARID5B,1,FAM111B,20,ETS1,3,PDE4B,3
NAV3,7,PITPNC1,6,SGK1,5,PLEKHA4,1,REV3L,6,LINC00882,5,RTKN,6,LINC02742,3,MAN2A1,7,ANKRD55,3,NEAT1,5,WEE1,4,LINC02763,1,PLCE1,1,TENM1,3,AC004949.1,2,PDE4D,4,LRRIQ1,1,WWTR1,5,DOCK6,5,AL009178.3,4,HIF1A,2,GNA14,2,LDB2,2,CYBA,13,P2RY10,2,AL161734.2,1,ACSS3,1,RPS29,16,KLF7,2,NEBL,1,ATF3,1,CENPE,20,HSPA4L,3,AL160254.1,3
UTRN,7,NR4A3,6,COL20A1,5,PLD5,1,IGF1R,6,MAP3K5,5,PTPRZ1,6,SHISA9,3,LPAR1,7,NMNAT2,3,CLU,5,COL5A1,4,LRMDA,1,PLA2G4A,1,SLC1A3,3,LINC01482,2,NEFL,4,MAOB,1,TRHDE,5,DSCAM,5,SV2B,4,PAPPA,2,AC016745.1,2,VAMP5,2,FCGR1A,13,P2RY8,2,AL163636.1,1,ADAMTS6,1,RAN,16,TMEM178B,2,NECTIN3-AS1,1,ATF5,1,CENPF,20,ODC1,3,DGKB,3
NRP2,7,CLIP1,6,BRINP3,5,PLCH1,1,ARL15,6,C1ORF61,5,DMD,6,ETV6,3,LRP2,7,SYT14,3,CLDN10,5,EEPD1,4,LUZP2,1,ATP10B,1,SLC8A1,3,LINC01505,2,PEX5L,4,MIR99AHG,1,AC010476.2,5,HDAC2-AS2,5,KLF7,3,HMCN1,2,IL1R1,2,PARD3,2,PALD1,13,MCTP2,2,AL357833.1,1,AF130359.1,1,PRDX1,16,GRIP1,2,NEDD9,1,ATF6,1,FANCA,20,EPS8,3,PCDH9-AS2,3
DNAH7,7,NOS1AP,6,RIMS2,5,PPP1R1C,1,C2ORF27A,6,CDH11,5,LINC00689,6,MAMLD1,3,ABCA8,7,AC117461.1,3,CPNE8,5,SLC7A11,4,MT-ND1,1,AC233296.1,1,SPATA6,3,LINC01588,2,SULT4A1,4,MLIP,1,AC019117.2,5,DOCK4,5,AKAP6,3,HNMT,2,NAMPT,2,PARP8,2,PARVG,13,PCED1B-AS1,2,ANXA1,1,AF279873.3,1,OST4,16,KITLG,2,NEO1,1,BHMT2,1,DTL,20,SGMS2,3,TPCN1,3
KIAA1671,7,CEBPD,6,MEGF11,5,PLCG2,1,DGKB,6,ARHGEF26,5,SHROOM4,6,ERI1,3,AC008571.2,7,OLFM3,3,OBI1-AS1,5,HIF1A-AS3,4,ABCC3,1,PRKG2,1,STARD13,3,TMEM269,2,CHRM3,4,MLIP-AS1,1,AC009975.1,5,AATK,5,NOL4L,3,GRAMD2B,2,CRIM1,2,OSMR,2,CYTH4,13,PDCD1,2,ANXA2,1,AGMO,1,S100A6,16,KIRREL3,2,NFASC,1,BMP2K,1,CENPP,20,RPL36AL,3,BRINP3,3
HPSE2,7,PLSCR1,6,PTPRO,5,AC108749.1,1,NCAM2,6,LIX1,5,ETV1,6,FGF14,3,AC004690.2,7,PLXNA4,3,SLC7A10,5,SEC24D,4,MT-ND2,1,RAD9A,1,TRPS1,3,AC091946.1,2,NWD2,4,MYCBPAP,1,TGM6,5,SEMA6D,5,KIAA1211,3,GPM6A,2,WDR49,2,ODF3B,2,SP100,13,LTB,2,AP000317.1,1,AL050309.1,1,MT3,16,TMEM65,2,NFKBIZ,1,C11ORF65,1,EXO1,20,HK2,3,HOPX,3
COL4A5,7,PMP2,6,EPN2-AS1,5,PHLDB2,1,AL445250.1,6,BMP2K,5,AC110285.1,6,SNTG1,3,SRCIN1,7,KCTD16,3,CNTNAP3B,5,KDM3A,4,SLC35E3,1,RORA,1,TMEM178A,3,AL080250.1,2,NPY1R,4,MYLK3,1,AC068672.2,5,SLC1A1,5,KIRREL1,3,PTPRG,2,GABBR2,2,AC007991.3,2,KLHL6,13,LSP1,2,AP003472.1,1,AL096854.1,1,SNRPD2,16,MAP1B,2,NGEF,1,C1QTNF7,1,MYBL2,20,FRMD6,3,AIF1L,3
AC083864.5,7,ATF3,6,SCD5,5,PHLPP1,1,FGF12,6,TIMP3,5,ERBB3,6,FNDC3B,3,CA2,7,PDE4D,3,MMD2,5,CDK19,4,SPOCD1,1,RNF144A,1,AC073050.1,3,TICAM2,2,NPTX2,4,NEBL,1,THORLNC,4,AL512308.1,5,NOL4,3,PDZRN3,2,FRMD5,2,AC012363.1,2,PLEK,13,PIK3CD,2,AP003900.1,1,AL117329.1,1,UQCR10,16,IL1RAPL1,2,NHS,1,C21ORF62-AS1,1,DNA2,20,HOOK2,3,TNIK,3
L3MBTL4,7,NUDT4,6,MYO10,5,POT1-AS1,1,ANTXR1,6,ALDH1L1,5,EYS,6,CLMN,3,SYNJ2,7,HS3ST5,3,CXCL14,5,CDON,4,SPDYA,1,RIMS1,1,VAV3,3,SUGCT,2,SORBS2,4,NEGR1,1,TICAM2,4,TMOD1,5,NMNAT2,3,LINC00461,2,FREM2,2,NRP1,2,IL10RA,13,LINC01934,2,ARHGAP8,1,AL136171.2,1,VIM,16,TSC22D2,2,TSHZ2,1,C9ORF72,1,CKAP2,20,SF3B5,3,EGFR,2
AC092131.1,7,OSMR,6,SCN3A,5,CARMIL1,1,NCKAP5,6,ARHGEF4,5,AC009227.1,6,SPRY2,3,RASGRF1,7,PLXNA2,3,LINC01727,5,SLC38A1,4,SPARCL1,1,RGS17,1,PREX2,3,KCNJ14,2,GRM5,4,NCKAP5,1,TAFA4,4,ADAM23,5,NKAIN1,3,HTRA1,2,PLXNA4,2,AC022034.1,2,VSIR,13,RASAL3,2,ATF4,1,AL139231.1,1,ARL6IP1,16,LAMP5,2,PELI2,1,CA1,1,PCLAF,20,ELOVL5,3,CYP2J2,2
PCSK6,7,CNR1,6,CASK,5,PRDM16,1,FGF14,6,BCL2,5,GRIK2,6,PRAG1,3,PLCL1,7,PAK5,3,HPSE2,5,SMIM3,4,SPARC,1,REV3L,1,ZNF385D,3,AF165147.1,2,DYNC1I1,4,RFTN2,1,DCHS2,4,AC098617.1,5,FGD4,3,FRMD4A,2,AC090791.1,2,NPAS3,2,HS3ST4,13,LINC00861,2,ATP5MC3,1,AL157778.1,1,C4ORF48,16,MEG3,2,PHF21B,1,CA3,1,PRIM2,20,EIF2AK3,3,ERBB4,2
AC097450.1,7,C1R,6,MYO5C,5,AC092691.1,1,SLC44A5,6,KCNQ5,5,ZBTB16,6,SLC8A1,3,RASGRP3,7,SYN3,3,ABCD2,5,CHSY1,4,SLIT3,1,RERG,1,PRKG1,3,KCNMB2-AS1,2,KCNQ5,4,PARP15,1,AC017074.1,4,AC092422.1,5,ADAM22,3,NEDD4,2,RBM47,2,NOD1,2,AL034397.3,13,ARHGAP25,2,ATP6V0D2,1,AL157944.1,1,PRDX5,15,MAP2,2,TRIO,1,CADPS,1,GAS2L3,20,GADD45B,3,RGS6,2
ANOS1,7,RDH10,6,MYT1,5,RBM20,1,AC009041.2,6,OBI1-AS1,5,FAM13C,6,LSAMP,3,SLC22A15,7,FAM135B,2,LGI4,5,ELL2,4,SLC7A14-AS1,1,AC104051.1,1,DLG1,2,KCNQ1OT1,2,HRH2,4,TPPP3,1,AC092353.2,4,AC069209.2,5,TUBB3,3,FTCDNL1,2,VMP1,2,NNMT,2,MEF2C,13,ARHGAP30,2,B2M,1,AL353613.1,1,CST3,15,PLXNA4,2,SLC22A23,1,CALD1,1,HELLS,20,DYRK3,3,DGKZ,2
SYNPO2,7,PROS1,6,LUZP2,5,RAB31,1,DSCAM,6,IFI44L,5,AC020584.1,6,LMO2,3,ANLN,7,NALCN,2,RERG,5,AC025159.1,4,SLC4A5,1,RASAL2,1,GRIA1,2,LRIF1,2,SLC12A5,4,SPATA6L,1,AC097511.1,4,SLC22A23,5,ZEB1,3,NHS,2,NEK10,2,PHF11,2,ST6GAL1,13,PTPN7,2,BEX2,1,AL353753.1,1,GNAS,15,PDE10A,2,RUNX1,1,CAMK2D,1,GINS1,20,EEPD1,3,CST3,2
LINC00836,7,RETREG1,6,CD82,5,PTPRZ1,1,ATRNL1,6,YAP1,5,CRB1,6,DNM1,3,GJB1,7,PDE1A,2,GABRG1,5,NPTX1,4,SLC30A8,1,RAPGEF4,1,GRIA4,2,ADAMTS9-AS2,2,SAMD12,4,SPEF2,1,GPR160,4,TRIM2,5,SGIP1,3,FXYD7,2,ITGA3,2,NCAM2,2,GPRIN3,13,KLRK1,2,C3ORF52,1,AL606923.2,1,PCSK1N,15,SHANK2,2,RUSC2,1,CASC15,1,PIF1,20,NDRG1,3,DKK3,2
MAPK4,6,RPE65,6,BRINP2,5,PTPRT,1,RBPJ,6,RFX2,5,GPR17,6,PDE8A,3,PLAAT3,7,RUNX1T1,2,GABRB1,5,ENO1,4,STPG4,1,RALYL,1,GRID2,2,IL12RB2,2,SLC22A10,4,SRPX2,1,AP003472.1,4,AC044781.1,5,PHACTR1,3,PPP2R2B,2,AC110058.1,2,PLAAT4,2,KYNU,12,KLRD1,2,CDKN1A,1,AP000787.1,1,NDUFB10,15,PDE4D,2,SAMD4A,1,CCDC136,1,CEP55,20,MAFF,3,MARC2,2
AL365259.1,6,SLC39A14,6,SGIP1,5,PTPRJ,1,SLC24A3,6,NCKAP5,5,PLPP4,6,AC087564.1,3,PLLP,7,MYT1L,2,LINC01266,5,VMP1,4,SLC26A7,1,RAB3C,1,DPP4,2,ADAM32,2,GABRG3-AS1,4,STK33,1,KLB,4,CADM1,5,LINC01122,3,POT1-AS1,2,MT-CYB,2,MLKL,2,TGFBR2,12,KLRC4,2,CEBPB,1,AP001924.1,1,HSP90AA1,15,PDZRN3,2,SCN9A,1,CCDC15,1,MMS22L,20,CAV1,3,RHOJ,2
WNK2,6,FNDC3B,6,NAV2,5,PTPRG,1,TFDP2,6,NAA11,5,DLL3,5,GRIK2,3,ADAMTS4,7,RUNDC3B,2,RORB,5,FNBP1,4,SLC25A21,1,PRR5L,1,HIF1A,2,LINC02680,2,KCNIP4,4,SULT1C4,1,AL138694.1,4,UST,5,GAS2,3,GCLC,2,MT-CO3,2,PLPP3,2,PDK4,12,KLRC2,2,AC131944.1,1,AC093515.1,1,C12ORF57,15,PDZRN4,2,SDK1,1,AL390755.1,1,CLSPN,20,TNFAIP6,3,RFX4,2
LMO3,6,ANO6,6,CSMD3,5,PTPN9,1,FYN,6,VWA3B,5,POLR2F,5,RCAN1,3,SLC44A1,7,ERBB4,2,SFXN5,5,MTCL1,4,SKAP1,1,RAB27B,1,ZEB1,2,LSMEM1,2,KCNJ6,4,SYNE1,1,NEB,4,ZNF469,5,VWC2L,3,LAMA2,2,FAM78B,2,MIR155HG,2,SERPINB9,12,AC243960.1,2,AC116407.2,1,AC092155.1,1,PHPT1,15,PHACTR3,2,SEC14L2,1,AL160314.2,1,CHAF1A,20,LINC02801,3,RGS7BP,2
SSBP2,6,TANC1,6,ARFGEF3,5,PTN,1,SCN1A,6,FADS2,5,PID1,5,GRIN2B,3,FAM107B,7,KIAA1549L,2,MICALL2,5,AL390957.1,4,SGO1-AS1,1,PVT1,1,TAFA1,2,TINCR,2,KCNK1,4,SYNM,1,GRIN3A,4,ZNF488,5,ADCY8,3,GINS3,2,CSMD2,2,MET,2,AC012150.1,12,RAC2,2,CES1,1,ARHGAP12,1,BCAN,15,SH3GL3,2,SEMA3A,1,CEBPB,1,KIF18A,20,C11ORF96,3,PTPRZ1,2
SLC1A4,6,IQGAP2,6,GSG1L,5,PTH2R,1,GABRB3,6,DMD,5,SCN1A,5,ALK,3,ITGA2,7,ERC2,2,HEPH,5,AL357153.2,4,SGCD,1,PTPRZ1,1,HIVEP3,2,AC109927.1,2,KCNQ3,4,SYTL4,1,SLC2A9,4,SGK1,5,VOPP1,3,PITPNC1,2,SFXN5,2,VOPP1,2,CCL4L2,12,GIMAP5,2,AC115282.1,1,AC090993.1,1,UBC,15,SGIP1,2,TANK,1,AL139317.5,1,FANCI,20,BTG1,3,DIO2,2
PPP2R5A,6,IL6R,6,EYA1,5,PTEN,1,IMMP2L,6,SLC16A9,5,REPS2,5,VMP1,3,PPP1R16B,7,ERICH3,2,SAT1,5,AMD1,4,SEM1,1,AC110296.1,1,HTRA1,2,AC104461.1,2,GABRB3,4,TCP11L2,1,AC079210.1,4,CENPJ,5,CARMIL1,3,KYAT1,2,CHSY3,2,HLA-C,2,DOCK4,12,NCKAP1L,2,AC007728.2,1,AC007098.1,1,GNG5,14,PLPPR1,2,SERPINE2,1,AC005753.2,1,UBE2C,20,TPT1,3,MIR99AHG,2
LINC00299,6,FOSB,6,AC117464.1,5,PTCHD1-AS,1,CRB1,6,SLC1A3,5,EPHB1,5,AL356124.1,3,AC009063.2,6,NSG2,2,SDC2,5,AL163541.1,4,SCG2,1,AC112487.1,1,HOPX,2,LINC00326,2,MICAL2,4,TMEM163,1,AC025159.1,4,LIMD1,4,GLYCTK-AS1,3,NPAS3,2,TNFRSF12A,2,LINC02300,2,CCL3L1,12,TRAT1,2,AC010789.2,1,AC007100.1,1,C19ORF53,14,SEZ6L,2,SVIL,1,AC009690.2,1,TROAP,20,BHLHE41,3,EEPD1,2
SLC15A2,6,IL1RAP,6,GLCCI1,5,PTCHD1,1,ZNF804B,6,FAM189A2,5,KAT2B,5,LEF1,3,RASGRF2,6,KIF16B,2,PCDH9,5,FAM160A1,4,SPRY4-AS1,1,AC114971.1,1,THSD7A,2,TMEM202-AS1,2,RIMBP2,4,TMEM67,1,AC025465.1,4,ZNF536,4,IGFBPL1,3,FOXP2,2,CAMK2D,2,LHFPL6,2,B4GALT1,12,FCRL6,2,AC010997.5,1,AC007344.1,1,STMN1,14,SIPA1L2,2,SGMS2,1,AC010210.1,1,KNTC1,20,MAFG,3,DCHS2,2
CNTN1,6,ITPR2,6,GALNT10,5,PTCH2,1,LRP1B,6,MMD2,5,DCC,5,HMGA2,3,DNAJC6,6,ROBO2,2,DNAH7,5,UNC5B,4,TAF7,1,AC119674.1,1,SYBU,2,LINC02641,2,GABRA5,4,TOGARAM2,1,AL357153.2,4,SPNS2,4,GPM6A,3,ZNRF3,2,LZTS1,2,PTGS2,2,MYO1F,12,DUSP2,2,AC011445.2,1,AC007402.1,1,PSAP,14,SEZ6,2,SIPA1L1,1,AC012405.1,1,BRIP1,20,NOCT,3,MLC1,2
FKBP5,6,ADAMTS9,6,AC091885.2,5,PSRC1,1,LINC02488,6,CTDSPL,5,PKP4-AS1,5,HMGA2-AS1,3,HHIP,6,KIF26B,2,DIO2,5,LOX,4,MT-ND4,1,PTPRD,1,IGF2BP3,2,PCBD2,1,KHDRBS2,4,TP63,1,AP001341.1,4,ARHGAP5-AS1,4,AC023469.1,3,CLIP1,2,AKAP6,2,APOL3,2,KCNQ3,12,TMEM200A,2,AC012447.1,1,AC008554.1,1,MT2A,14,PRKCA-AS1,2,SLC20A1,1,AC016705.2,1,BRCA1,20,ATP13A3,3,LDLRAD3,2
GREB1L,6,FBXO32,6,TRIB2,5,PROS1,1,LINC02283,6,PLSCR4,5,ARHGAP24,5,LDLRAD3,3,DPYD,6,EYS,2,CDHR3,5,LNCSRLR,4,TSPAN8,1,PTPN13,1,IL1RAP,2,MAP7D2,1,RGS7,4,TRDN,1,AP001042.1,4,ARFGEF3,4,CDK6,3,C1ORF61,2,SPARC,2,AL596087.2,2,MEF2A,12,TNFAIP8,2,AC015912.3,1,AC009501.3,1,PARK7,14,PTCHD4,2,SLC22A15,1,AC025159.1,1,ZNF367,20,ATF4,3,LRRN3,2
LUZP2,6,ITGAV,6,UNC79,5,AC091078.1,1,LINC00689,6,CSGALNACT1,5,SLIT1,5,IGF2BP3,3,LINC00639,6,HECW2,2,OAF,5,RGS6,4,ZMAT3,1,PEX5L,1,INPP4B,2,LINC02145,1,KIRREL3,4,PAWR,1,AC015987.1,4,GALNT13,4,GRIA4,3,BBOX1,2,CFLAR,2,HLA-B,2,BNC2,12,CLIC5,2,AC016575.1,1,AC010991.1,1,DYNLRB1,14,SETBP1,2,SLC35E4,1,AC073941.1,1,BORA,20,TRMT10C,3,EVA1C,2
MAP7,6,IL1R1,6,SUSD4,5,AC091646.1,1,SPHKAP,6,PTPRT,5,ASIC4,5,PCDH7,3,PPM1H,6,SAMD12,2,AQP1,5,LINC02649,4,ZFHX3,1,PHACTR1,1,DGKZ,2,NUCB2,1,LINC01197,4,TSGA10,1,NECAB1,4,TFEB,4,PANTR1,3,STON2,2,STAT1,2,GBP2,2,SLA,12,ETS1,2,AC020765.2,1,AC011246.1,1,RAC1,14,SDK2,2,STK32B,1,AC083864.5,1,WDHD1,20,MBNL2,3,GRAMD2B,2
AC023095.1,6,VIM,6,AGMO,5,PRKCA,1,CNTN1,6,SERPINI2,5,ANKRD28,5,LAMC1,3,CLCA4,6,SCG2,2,AC009899.1,5,ADGRL2,4,XIRP2,1,PDPN,1,IQGAP2,2,LINC02073,1,MCTP1,4,TTC23L,1,COL14A1,4,GNG2,4,ATP8A1,3,STK33,2,TNC,2,TRIM25,2,IL13RA1,11,CXCR4,2,AC022784.1,1,AC011287.1,1,LGALS1,14,RIMS2,2,SLC35F4,1,AC093206.1,1,SCLT1,20,TXNDC16,3,NEAT1,2
IGFBP7,6,SPARCL1,6,AC068308.1,5,PRKAR2B,1,ZNF704,6,SNX31,5,MMP16,5,PCDH9-AS2,3,SPP1,6,LINC00882,2,AL445426.1,5,MT2A,4,WDR49,1,PER3,1,ITPR2,2,P4HA1,1,SNCA,4,TTC26,1,AC010168.1,4,AL136114.1,4,SYT14,3,TTN,2,CDK6,2,SHFL,2,DLEU1,11,AC006369.1,2,AC023194.3,1,AC011306.1,1,HLA-A,14,PTPRO,2,SLC39A14,1,AC093535.1,1,RBL1,20,ANKRD37,3,PDGFD,2
ALDH1A1,6,SLC44A3,6,SPSB4,5,PRICKLE2,1,PTPRK,6,TMTC2,5,RFTN2,5,TRPM3,3,BOK,6,NYAP2,2,TPCN1,5,AK4,4,VEPH1,1,MTSS1,1,STIM1,2,NOXRED1,1,PRR16,4,TUBA1A,1,AC004083.1,4,GRID1,4,EPCAM-DT,3,AC093535.1,2,LMNTD1,2,FBXL7,2,IPCEF1,11,CD96,2,AC040169.1,1,AC012368.1,1,MRPL51,14,RAB3C,2,SLC4A7,1,AC098829.1,1,AURKA,20,ANKRD28,3,GRM5,2
GRAMD1C,6,KLF7,6,AC064875.1,5,AC110296.1,1,KLF12,6,PDE8B,5,IGSF9B,5,ACSBG1,3,SLCO3A1,6,LINC00355,2,TMEM241,5,TRIM56,4,UTP23,1,NOX4,1,DENND2A,2,MAT2A,1,PTPRD,4,TWSG1,1,LMOD1,4,ADD3,4,SYT4,3,TMEM108,2,NRP2,2,FAM182B,2,ANKRD22,11,CD8B,2,AC044849.1,1,AC013287.1,1,SPARC,14,RAPGEF5,2,SLC7A1,1,AC104596.1,1,ATAD2,20,MET,3,HEPACAM,2
RHBDL3,6,TGFBR2,6,LRRK2,5,PELI2,1,KHDRBS3,6,ROBO2,5,CSMD3,5,NES,3,KIF6,6,LIMCH1,2,ACSS1,5,NRN1,4,TTN,1,NOVA1,1,TFPI,2,NQO2,1,ABCA10,4,ULK4,1,LINC02516,4,ADAM33,4,DPYSL5,3,C1QL1,2,MIR4435-2HG,2,SOCS1,2,TREM2,11,TESPA1,2,AC073578.2,1,AC016727.1,1,MTRNR2L12,13,SILC1,2,SLCO3A1,1,AC117383.1,1,CCNB1,20,REL,3,PCAT1,2
DAPK1,6,ZNF385D,6,SLC4A10,5,PDGFRA,1,CNTNAP2,6,IMMP2L,5,RIN2,5,ADGRL3,3,NECAB1,6,DLX5,2,ACSL6,5,FGFR1,4,TRPC6,1,NMNAT2,1,FAP,2,NPR3,1,CACNA2D3,4,USP2-AS1,1,LINC02236,4,ADAMTS14,4,ST18,3,TSHR,2,OSBPL3,2,SOCS2-AS1,2,CTSB,11,TRGC2,2,AC087286.2,1,AC018462.1,1,SLC25A5,13,PANTR1,2,SMIM3,1,AC138627.1,1,ASPM,20,AK4,3,PAPLN,2
LINC02058,6,ELMOD1,6,LRRTM3,5,PDLIM5,1,KCNQ1OT1,6,FIGN,5,SGCD,5,ADAM12,3,TMEM63A,6,DLX6,2,APOC1,5,ADAMTS9,3,TBXAS1,1,NLGN4X,1,DPP6,2,LURAP1L-AS1,1,AC034268.2,4,USP43,1,AC008269.1,4,AC024145.1,4,RAPGEF5,3,SPON1,2,SPP1,2,TRANK1,2,SKAP2,11,TES,2,AC091849.2,1,AC060834.2,1,TRMT112,13,MAP3K20,2,SMYD3,1,ACYP2,1,ASF1B,20,VEGFA,3,PANTR1,2
TENM4,6,JUN,6,LRP4,5,NPSR1,1,CSMD1,6,ITGB4,5,SOX5,5,HS3ST5,3,HSPA2,5,DLX6-AS1,2,AC245187.2,5,NAV2,3,TRHDE,1,NKD1,1,WIPF3,2,MAP3K19,1,AC067956.1,4,WDR66,1,MAP3K19,4,ICK,4,DGKI,3,SPOCK1,2,SPRED1,2,DPYD,2,IL4R,10,AC243829.1,2,AC092171.4,1,AC068308.1,1,S100B,13,SRRM4,2,SUSD4,1,AF165147.1,1,SGO2,20,VIM,3,OXTR,2
RTN1,6,GPR158,6,LRP1B,5,ADAMTS9-AS2,1,KCNH8,6,GABRB1,5,FAM242A,5,ADAMTS9-AS1,3,ENO4,5,DOCK9,2,ARHGEF4,5,POT1-AS1,3,TPTE2,1,NKAIN1,1,FBN1,2,MAP1LC3B,1,AC008574.1,4,WLS,1,MAP7D2,4,PCDH11Y,4,DYNC1I1,3,SPARCL1,2,CD44,2,SPDYA,2,MS4A4E,10,CD244,2,AC092353.2,1,AC073365.1,1,BEX1,13,MARCH4,2,SPRED2,1,AFF3,1,AC011447.3,20,ADAM9,3,IMMP2L,2
LINC01138,6,MARCH3,6,ZCCHC24,4,NOX4,1,PEAK1,6,AKAP6,5,FHIT,5,MTCL1,3,CBR1,5,LARGE1,2,TVP23C,5,COL13A1,3,TMEM132D,1,NETO2,1,TRIO,2,PAM,1,CAMK4,4,ZFP36L1,1,AC112770.1,4,IL1RAPL1,4,EBF1,3,SORL1,2,SPRED2,2,SPTLC3,2,ITGAM,10,ZAP70,2,AC104383.2,1,AC079304.1,1,UBB,13,MCUB,2,SRGAP1,1,AHNAK,1,CDC45,20,RPS25,3,KALRN,2
GLUD1,6,AC092131.1,6,TMEM196,4,NLGN4X,1,CACNA1A,6,ABCA1,5,RGR,5,UBASH3B,3,ELOVL7,5,MYRIP,2,TENM2,5,IL1RAP,3,TIMP1,1,NCAM2,1,TPD52L1,2,OXNAD1,1,ADGRL2,4,ZFPM2,1,CCDC59,4,KANK2,4,ZNF704,3,CCDC141,2,AL354740.1,2,CASP4,2,EGR3,10,DENND2D,2,AC108134.2,1,AC087855.2,1,SEC61G,13,RBFOX1,2,SSH1,1,AIMP2,1,CDCA3,20,AC107021.1,3,OLFM2,2
NEBL,6,EFEMP1,6,AC004852.2,4,NKAIN3,1,JAZF1,6,FAT3,5,SEMA6D,5,ARHGAP26,3,HS3ST5,5,PATJ,2,TAFA1,5,USP36,3,THSD7B,1,MYO9B,1,TPCN1,2,MIR2052HG,1,YWHAH,4,ZMYND10,1,AC119674.1,4,FAM110C,4,LYPD6B,3,AC087564.1,2,CCL2,2,DCC,2,P2RY12,10,CD52,2,AC108734.4,1,AC090630.1,1,POLR2L,13,MGST1,2,STAC,1,AKNA,1,CDCA2,20,WTAP,3,KCNIP1,2
LINC01117,6,EDNRA,6,PLPP4,4,NHS,1,KAT2B,6,FOXO1,5,TMEM132B,5,RASSF8,3,FGFR2,5,DPYD,2,VAV3,5,SEMA5B,3,THORLNC,1,MYO10,1,EYA2,2,LINC02196,1,ATRNL1,4,SPATA18,1,PTPRQ,4,MDGA2,4,ANK3,3,B3GNT5,2,OSBP2,2,DAAM1,2,SAT1,10,CD55,2,AC110023.1,1,AC090692.1,1,H2AFZ,13,MIAT,2,STAT3,1,AL121757.2,1,KIF2C,20,YOD1,3,NRXN1,2
AC092691.1,6,AC092691.1,6,GRAMD1B,4,NETO2,1,CSMD2,6,SCARA3,4,TMEM163,5,AC017002.5,3,LGI3,5,DSCAML1,2,AGT,5,SMARCD3,3,TEX41,1,AF165147.1,1,ETV1,2,NOL8,1,CACNA1E,4,SPA17,1,LINC00607,4,KHDRBS3,4,ELAVL2,3,AC114760.2,2,MIR222HG,2,SQOR,2,FMNL1,10,TBC1D10C,2,CEBPD,1,AP001977.1,1,BANF1,13,MIR137HG,2,STK10,1,CCDC18,1,XRCC2,20,MXD1,3,KCTD8,2
TJP2,6,P3H2,5,CRISPLD2,4,ADGRA3,1,AC007319.1,5,GINS3,4,TNK2,5,PGAP1,3,KCNK1,5,PBX1,2,XAF1,5,PTPRD,3,SATB1-AS1,1,PELI2,1,TOX,2,NIFK-AS1,1,AC007368.1,4,SOX5,1,MGAM2,4,ZNF365,4,ZNF618,3,CCDC178,2,LRP1B,2,CD44,2,PPARG,10,AC024028.1,2,CIB1,1,ARHGEF28,1,WDR83OS,13,ST8SIA4,2,TBL1X,1,CEBPG,1,MCM10,20,MYC,3,NRG3,2
PCDH9-AS2,6,CITED1,5,AC092691.1,4,NEDD9,1,ERBB4,5,GALNT17,4,ZFPM2,5,LIMK1,3,FTH1,5,SEMA3C,2,ADIRF,4,COL4A1,3,SAMMSON,1,MPPED2,1,TNFRSF21,2,LINC02615,1,UNC5D,4,SORBS2,1,AVIL,4,ATCAY,4,GSE1,3,ANLN,2,TIMP1,2,TGM2,2,MAML3,10,CYTH4,2,ID3,1,GRIA3,1,ROMO1,13,ST8SIA2,2,RNF217,1,IQGAP1,1,ZGRF1,20,CAMK2N1,3,NELL2,2
YAP1,6,C11ORF96,5,NALCN,4,NEAT1,1,CHST11,5,LINC00836,4,LINC01170,5,RYR3,3,FUT8,5,PDE1C,2,RHPN2,4,AC108519.1,3,RXFP1,1,MIR34AHG,1,FGD4,2,MIR4713HG,1,CBLN2,4,PDZRN4,1,SLC9C2,4,PPFIBP1,4,PPFIA2,3,TLE1,2,AL596087.2,2,TBC1D1,2,FRMD4A,10,CD6,2,H1F0,1,DGKB,1,RPL36AL,13,ST6GAL2,2,RGS6,1,EIF1,1,HMMR,20,CHMP1B,3,NKAIN3,2
ABCC9,6,GALNT2,5,ZFHX4-AS1,4,NDST3,1,SOX11,5,FAM182B,4,LHFPL3-AS1,5,AC060834.2,3,KLHL32,5,SCN3B,2,PAPLN,4,MAP3K20,3,NPSR1,1,MIR181A2HG,1,TNC,2,LINC02551,1,AC027288.3,4,PIK3C2G,1,LINC01191,4,SCARB1,4,NDST4,3,ALDH1L1,2,CLCF1,2,BOC,2,RIN3,10,CD70,2,H3F3B,1,DLL3,1,PSMB6,13,SRRM3,2,TIAM1,1,EPM2A,1,SNHG31,20,LDHA,3,KLHL29,2
LAMA1,6,RCAN1,5,PPFIA2,4,NCAM2,1,SLC8A3,5,GJA1,4,AL136171.2,5,ZMAT4,3,ELMO1,5,NWD2,2,SLC1A4,4,GLUL,3,PCA3,1,MIR181A1HG,1,EMP1,2,LINC02542,1,ANKS1B,4,PLCH1,1,DYSF,3,RGR,4,ZNF423,3,AMER2,2,OCIAD2,2,LAMB1,2,RGS10,10,FGD3,2,HAL,1,DNAJC1,1,GADD45GIP1,12,SNAP25,2,PHLDB2,1,ERN1,1,LIN9,19,CEBPD,3,LINC00472,2
AL137024.1,6,ITPKC,5,KCNMB2-AS1,4,NAMPT,1,CDH13,5,RMST,4,VIPR2,5,KCNMA1,3,KCNMB4,5,SCML4,2,IMPA2,4,DOCK4,3,PAPPA2,1,MID1,1,UNC5C,2,PDIA5,1,ANKRD34C-AS1,4,PLCZ1,1,FER1L6-AS2,3,SMOC1,4,SMPD3,3,ADIPOR2,2,METTL7B,2,TRIM38,2,ALOX5AP,10,CST7,2,HERPUD1,1,DPF3,1,CLU,12,NAV3,2,PITPNC1,1,EXPH5,1,KIF20B,19,CEBPB,3,CSRNP3,2
ERBB4,6,COL4A2,5,CCND2,4,ADGRL3,1,SOX2-OT,5,GPM6A,4,TRIM9,5,SCD5,3,DLG2,5,NCAM2,2,ALDH7A1,4,ITGA3,3,OBI1-AS1,1,MIAT,1,FKBP5,2,LINC02224,1,CCK,4,PLEKHA5,1,PSTPIP2,3,SEMA3E,4,CRYBG3,3,ADD3,2,ANXA2,2,GBP4,2,SPI1,9,AC013437.1,1,HIST1H2AE,1,DUXAP8,1,TXN,12,SPOCK1,2,TRIM9,1,FAM184B,1,WDR76,19,RYBP,3,LINC00511,2
ADRA1A,6,GPC6,5,GRIA3,4,MYO3B,1,OSBPL8,5,ITPKB,4,PDGFRA,5,SAMD4A,3,SGK1,5,MGAT4C,2,EYA2,4,DOK5,3,NUP210L,1,MEST,1,FNDC3B,2,LINC02649,1,CAMK2B,4,PLEKHA7,1,AC079950.1,3,CCDC148,4,AC004540.1,3,ADCY8,2,LINC01138,2,ART3,2,BIN2,9,PTK2B,1,HIST1H2BD,1,EHBP1,1,EIF5A,12,NKAIN3,2,TRIM38,1,FBXO32,1,KIF20A,19,KMT2E-AS1,3,FIGN,2
MYBPC1,5,C3,5,PPP2R2B,4,MYO1E,1,SH3RF1,5,SLC14A1,4,PCDH11X,5,RUNX1,3,PCSK6,5,LINC02263,2,RHOJ,4,FMNL2,3,NSG2,1,MEG8,1,KCNIP4,2,LINC02763,1,FAM155A,3,PPIL6,1,CAPN9,3,EYS,4,RNF122,3,ACSS1,2,SLC44A5,2,BACH1,2,XACT,9,TRPM2,1,HIST1H2BF,1,ELOVL2,1,CRYAB,12,NRXN1,2,TREM1,1,FTH1,1,ARL6IP1,19,PNRC1,3,F3,2
NT5DC3,5,CNTNAP3B,5,KCNQ1OT1,4,MYO16,1,PCDH11X,5,ELL2,4,UGT8,5,NPAS3,3,SLCO1A2,5,RMST,2,MGAT4C,4,HAP1,3,NRG1,1,AFF3,1,FREM2,2,LINC02811,1,UCHL1,3,PTCHD1-AS,1,FO393415.1,3,RINL,4,LINC02223,3,ATP2B2,2,COL22A1,2,SERPING1,2,FGD4,9,ALOX5,1,HIST1H2BG,1,ENKUR,1,CDK2AP1,12,NSG2,2,PLPP1,1,GCLM,1,HMGB2,19,LHFPL2,3,PTN,2
AQP1,5,RDH10-AS1,5,TMEM132C,4,MYBPC1,1,CDH20,5,CCDC80,4,AL139231.1,5,AC064875.1,3,SEMA4D,5,GAD1,2,ANO5,4,COL4A2,3,NPSR1-AS1,1,MARCH1,1,TMEM154,2,NBR2,1,BICDL1,3,RALGPS2,1,AC100849.1,3,PTPRO,4,AC097713.1,2,TACR1,2,BCL6,2,B2M,2,MERTK,9,PSTPIP1,1,HIST1H2BJ,1,EPHA3,1,ENO1,12,NXN,2,PLPP3,1,GCNT1,1,KPNA2,19,KRT10,3,PRR5,2
NKAIN4,5,ADAM12,5,CARMIL1,4,MVB12B,1,OPCML,5,CFAP43,4,NTN4,5,SCG2,3,SCD,5,IGSF3,2,CNTNAP3,4,NTRK2,3,NFE2L3,1,NR2F2-AS1,1,TMEM108,2,LMNTD1,1,SLC6A17,3,RASSF4,1,RGS22,3,SLC7A14,4,AC084361.1,2,ARHGAP24,2,MICALL2,2,HERC5,2,FCGR3A,9,AL157402.2,1,HIST1H3J,1,EYA1,1,ATP5MC3,11,NXPH1,2,PLXNA4,1,GDF15,1,MASTL,19,SDCBP,3,LMCD1-AS1,2
ARAP2,5,CHL1,5,HIP1,4,MT-CYB,1,SLC4A7,5,PRUNE2,4,NXPH1,5,GAS2,3,AL033523.1,5,GALNT18,2,ANKDD1A,4,AC104123.1,3,RUNX1,1,NR6A1,1,YAP1,2,NEAT1,1,AC109466.1,3,RERGL,1,CCDC175,3,ELF1,4,DUXAP8,2,TAB2,2,LIF,2,ARHGAP29,2,ST6GALNAC3,9,AL603839.3,1,HIST1H4H,1,FABP5,1,NDUFA1,11,ONECUT2,2,TPST1,1,GLIPR2,1,E2F1,19,ABHD3,3,FBXL7,2
RHOB,5,BTG2,5,KCTD8,4,MT-CO3,1,CCDC178,5,CHST9,4,CLEC2D,4,OSBP2,3,PWRN1,5,LINC01344,2,FLG-AS1,4,SESN2,3,NECAB1,1,NRCAM,1,FXYD6,2,NEU3,1,FLRT2,3,LIMCH1,1,CDS1,3,RBPJ,4,GNG2,2,ARHGAP31,2,SYNJ2,2,SBNO2,1,MIR646HG,9,PRKCQ,1,HIST2H2BE,1,FAM107B,1,TUBB2A,11,SNAP91,2,PPM1E,1,GPX3,1,CEP112,19,CD83,3,NAV3,2
AQP4-AS1,5,GALNT15,5,CADM2,4,MT-CO2,1,NLGN4X,5,PSAP,4,GRIA3,4,PDGFA,3,SOX10,5,LY6H,2,FGL1,4,AF165147.1,3,MYO3B,1,NRG1,1,DTNA,2,MIR34AHG,1,EPB41L3,3,RFX2,1,PKN2-AS1,3,EPS8,4,GLRA2,2,ASB18,2,LDLR,2,SAT1,1,HLA-DMB,9,PRKY,1,HIST3H2A,1,FAM161A,1,MT-ATP6,11,LINC01122,2,PPM1L,1,GUCA1B,1,ERI2,19,JUND,2,FGFR2,2
CDH20,5,NFIL3,5,DOCK10,4,NPNT,1,AC004852.2,5,IQGAP2,4,KHDRBS2,4,LAMA4,2,PRR18,5,RAB3C,2,PPP1R3C,4,TRIB3,3,MYO18B,1,RPS6KA5,1,TMCC3,2,ME1,1,PTPRN,3,RFX4,1,DIRC3,3,DSCAML1,4,DSCAM,2,ASTN2,2,TCF7L2,2,PIK3R3,1,HLA-DQB1,9,AL590764.1,1,HLA-E,1,FAT3,1,MT-ND4,11,ZNRF2,2,TPM4,1,HAP1,1,PTTG1,19,JMJD6,2,FGFR3,2
RGMA,5,MYO1E,5,GRIA2,4,ADAMTS6,1,NPAS3,5,SLCO1C1,4,PRICKLE1,4,SLC35F4,2,AL158077.2,5,PTPRO,2,FGD6,4,NAMPT,3,MTRNR2L12,1,PDGFC,1,TLN2,2,MAFG,1,BRINP1,3,RNF165,1,AC073569.2,3,RARB,3,PCLO,2,SNCAIP,2,CNTNAP3,2,PKN2-AS1,1,MRC1,9,PRKCQ-AS1,1,HMOX1,1,FHIT,1,CALM3,11,AKAP6,2,PRKD1,1,HERPUD1,1,FANCB,19,RPL35A,2,NLGN4X,2
OSGIN2,5,DUSP1,5,GRID2,4,PDGFRL,1,CASK,5,PTPRG,4,SLC35F1,4,EMP1,2,AMER2,5,PTPRD,2,BHLHE40,4,SLC15A4,3,MT2A,1,PDE4D,1,PDE8B,2,ABCA1,1,EPHA5,3,RNF19A,1,DPYS,3,C12ORF40,3,POU2F2,2,ST6GAL2,2,CNR1,2,PLA2G4A,1,PRKCH,9,TREM2,1,HOMER3-AS1,1,FMN2,1,MT-ND2,11,CDH4,2,PROS1,1,HRK,1,CENPN,19,JARID2,2,GPR39,2
PRKG1,5,IFFO2,5,KCND3,4,NR4A3,1,CNTN3,5,CCDC136,4,AC068587.4,4,KCND2,2,ANK3,5,GNAL,2,HS3ST3A1,4,SMYD3,3,MT-ND6,1,PDE4B,1,STAC,2,PHKA1,1,EPHA3,3,ROBO2,1,CDKL2,3,LGI3,3,AC096669.1,2,TLN2,2,SMYD2,2,SPOCD1,1,ADGRE2,9,AC009432.2,1,HRK,1,GABRA4,1,MT-ND1,11,CELF5,2,PTPN1,1,HSPA5,1,TK1,19,RPS27,2,LINC01677,2
MROH7,5,PHLDB2,5,VCAN,4,RELL1,1,PAK3,5,GRIK1,4,PTCSC3,4,DPYSL5,2,TRIM59,5,PRMT8,2,AC090825.1,4,MSC-AS1,3,MT-ND4L,1,PDE10A,1,NR2F2-AS1,2,SYCE2,1,HPCA,3,RORB,1,CPED1,3,BEST1,3,ST8SIA3,2,AC007364.1,2,NRIP1,2,TNFAIP2,1,LILRB1,9,TAGAP,1,HS3ST2,1,GABRB1,1,UBE2S,11,DLX5,2,PTPRE,1,IFRD1,1,CCNB2,19,HIVEP2,2,PPP1R1C,2
PRRX1,5,SCARA3,5,AC009041.2,4,PDGFC,1,AC013265.1,5,CADPS,4,TOX,4,RFFL,2,ANO4,5,GRIK4,2,LMO3,4,FLNA,3,PCAT1,1,PCDHGA1,1,MYBPC1,2,THORLNC,1,SYT4,3,RPS6KA5,1,CD200R1,3,CDH19,3,AC060765.2,2,SLC8A1-AS1,2,LINC02742,2,SCN1A,1,IER3,9,ALOX5AP,1,HSPA1B,1,GABRE,1,MT-CO1,11,BRINP1,2,PTPRG,1,IGF2R,1,AC090159.1,19,JUNB,2,PLXNA2,2
MAST4,5,CYTOR,5,COL4A4,4,PDE4D,1,CASC15,5,HRH1,4,STK32A,4,KALRN,2,AC079352.1,5,GRIN1,2,CHST1,4,HDAC9,3,PCBP3,1,ADAMTS19,1,ROBO2,2,TGM6,1,MBP,3,RTN1,1,PLBD1,3,TMTC1,3,TMEM178B,2,AC008957.2,2,STIM1,2,ZCCHC2,1,EMB,8,PDE3B,1,HSPA2,1,GALNT2,1,MT-CO3,11,CSRNP3,2,PTPRK,1,IL3RA,1,NCAPD2,19,MPP6,2,GABRB1,2
CHL1,5,AL596087.2,5,COL4A3,4,AC116049.2,1,OLIG2,5,SLC24A4,4,DPYSL3,4,ITPR2,2,OTUD7A,5,GRIN2A,2,CBR1,4,PPP1R3C,3,PCDH15,1,PCDH11X,1,MYO1E,2,TFB2M,1,CA11,3,SCIN,1,AC073365.1,3,TMEM235,3,PLXNA2,2,CDH18,2,ARHGAP26,2,TRPM3,1,HLA-DRB5,8,NLRP1,1,HSPB8,1,GNGT1,1,MT-CO2,11,CSMD3,2,TOX2,1,ILF3-DT,1,FANCC,19,NR4A1,2,GALNT16,2
PAPLN,5,BAALC-AS1,5,NPAS3,4,PCP4,1,ZNF124,5,SORL1,4,OLIG1,4,LAMA2,2,LRRC63,5,PLPPR3,2,S100A13,4,GPRC5A,3,PIEZO2,1,PANTR1,1,RMST,2,TBC1D22A,1,SNCB,3,SDK1,1,DNAH14,3,C10ORF90,3,PGBD5,2,AC008127.1,2,NOS1AP,1,PLEKHG1,1,ITGB2,8,OLR1,1,HSPE1,1,GPR158,1,POLR2J,10,BASP1,2,PYGL,1,INVS,1,CDKN3,19,MRFAP1,2,PLEKHG1,2
OSBPL3,5,FAM20C,5,PCDH15,4,PCGF5,1,COL11A1,5,DNAJC1,4,C1QL1,4,SLC1A2,2,UGT8,5,LRFN2,2,HIF3A,4,AC093849.4,3,RPL37A,1,PAK5,1,NEO1,2,TAF7,1,EPHB6,3,SGSM1,1,ECT2L,3,BRINP2,3,ELN,2,CDH11,2,NEBL,1,PLPP1,1,LINC02712,8,ZBP1,1,H2AFJ,1,DISC1,1,ITM2C,10,BACH2,2,TNFAIP8L3,1,EIF2AK3,1,CHEK1,18,MRPL18,2,GFAP,2
RFX4,5,NNMT,5,XKR4,4,ACSBG1,1,CREB5,5,HES4,4,AJAP1,4,ELOVL2,2,PCDH9,4,GRIP2,2,PAUPAR,4,NRCAM,3,RP1,1,ADGRG5,1,NIBAN1,2,SYTL2,1,LINC01378,3,SLC14A1,1,GBX1,3,SLC16A10,3,EYA2,2,CHST9,2,PODXL,1,TSHZ2,1,PADI2,8,APOC2,1,GRN,1,DENND2A,1,PEA15,10,B3GAT2,2,MAP3K20,1,DYRK3,1,CENPA,18,MRPL50,2,GPC5,2
CD44,5,STK40,5,AC011474.1,4,PARD3,1,DMD,5,DOK5,4,AC068308.1,4,L3MBTL4,2,SLC45A3,4,HUNK,2,SNTA1,4,AC019257.1,3,ROR2,1,OTUD7A,1,RBMS1,2,SYF2,1,AC124852.1,3,SLC35F4,1,AC012178.1,3,OSBPL1A,3,EPHA3,2,AC019068.1,2,NPTX2,1,PDGFRL,1,ETS2,8,PARVG,1,CLIC6,1,ASB4,1,HLA-B,10,EPHA7,2,TMEM178B,1,CEMIP,1,RAD18,18,SAMD4A,2,PHLPP1,2
ATP13A4,5,LINC01138,5,NLGN4Y,4,PAPPA2,1,EYS,5,ATP1B2,4,PTPRJ,4,DPY19L1,2,ABCA6,4,DCX,2,MT3,4,LINC01411,3,RELN,1,OSBPL1A,1,PTPRZ1,2,SYCP2L,1,RIMS2,3,SLC7A11,1,LINC02542,3,PDE4B,3,PKIA-AS1,2,CLEC16A,2,NPNT,1,TNC,1,FCGR1B,8,PCED1B,1,GPX3,1,CSPG5,1,OLIG1,10,DOCK4,2,TMEM117,1,DTWD2,1,DBF4,18,MSMO1,2,RMST,2
COL5A3,5,SULF1,5,ZDHHC14,4,PAG1,1,CDON,5,LINC00609,4,LRRTM4,4,RBPMS,2,AC025810.1,4,HMGCLL1,2,HMGCLL1,4,SPOCD1,3,RBMS3,1,OPCML,1,PTPRJ,2,SUCLA2,1,ANKRD30BL,3,SLCO1A2,1,AC006197.2,3,E2F3,3,FOXP2,2,SLITRK5,2,PRICKLE2,1,ZDHHC13,1,SIGLEC8,8,WDFY4,1,CNGB1,1,BCL11A,1,SOX2,10,ENOX1,2,RBM47,1,CEP128,1,POLE,18,RPS23,2,C4ORF19,2
ITGA6,5,FMN2,5,CNTNAP2,4,PACRG,1,FAM117B,5,ADCYAP1R1,4,BRINP3,4,RGS17,2,SHROOM4,4,RALYL,2,ARRB1,4,LONRF1,3,RANBP17,1,OLIG1,1,PTPN14,2,TMEM165,1,GRM1,3,LINC00271,1,LY75,3,NTM,3,EPHB2,2,CCDC7,2,PROS1,1,TNFSF14,1,MAN1A1,8,VSIG4,1,COL1A1,1,BEND7,1,DDT,10,CPLX2,2,RBPMS,1,CHORDC1,1,FBXO43,18,NRN1,2,ATP1B2,2
DOCK7,5,CFI,5,COLGALT2,4,ACSS3,1,MYT1,5,NPAS3,4,XKR4,4,LPAR1,2,SLAIN1,4,IL1RAPL2,2,RASL12,4,SQSTM1,3,PXDNL,1,NXPH1,1,NPAS3,2,STYXL1,1,GRIN2B,3,FIGN,1,LINC01500,3,SLC7A14-AS1,3,PLCL1,2,ZNF521,2,NAV2,1,ROS1,1,AL357522.1,8,PHACTR2,1,COL8A1,1,BEST3,1,OLIG2,10,ELOVL6,2,RCOR1,1,CLIP1,1,CCNF,18,NSMCE3,2,AL158058.1,2
CPE,5,PDPN,5,AC023282.1,4,OXR1,1,RNF165,5,NFIA-AS2,4,NCAM2,4,DUSP6,2,GLDN,4,PLEKHA5,2,NKAIN3,4,KLF6,3,PSTPIP2,1,NTRK3,1,DCC,2,STXBP5-AS1,1,TMEM130,3,LHFPL6,1,LINC01483,3,TNK2,3,TRIM2,2,AC007262.2,2,NT5E,1,PDCD1LG2,1,CD163L1,8,TYMP,1,CPB1,1,BNC2,1,PCBP1,10,AL589740.1,2,TMEM108,1,CNKSR3,1,AC008543.1,18,MYLIP,2,CPNE5,2
DPF3,5,IRS2,4,CNTN3,4,ADAM23,1,HECW1,5,AC026316.5,4,CTNNA3,4,LINC01138,2,COBL,4,KCNMA1,2,PLEKHG1,4,GAPDH,3,PRUNE2,1,NTN4,1,PTN,2,STX17-AS1,1,KCNH7,3,CD36,1,METTL24,3,SLC24A2,3,ERC2,2,MMP25-AS1,1,NT5DC3,1,SSTR2,1,SMAP2,8,PIK3AP1,1,CRYM,1,C2ORF74,1,H1FX,10,DSCAML1,2,TLN2,1,COX19,1,FAM83D,18,MYOF,2,SETBP1,2
ZNF521,5,HIF1A,4,AC037450.1,4,OSBPL6,1,AC019197.1,5,PAM,4,KHDRBS3,4,RNF157,2,AC096564.1,4,FGF13,2,EPHA6,3,VIM,3,PPP1R15B,1,NRXN3,1,RORA-AS1,2,STEAP1B,1,ROBO2,3,AL357093.2,1,LINC01299,3,AC092969.1,3,FAM155A,2,NUMB,1,MYOF,1,SYBU,1,THEMIS2,8,VAV1,1,CSTB,1,CACNB2,1,GUK1,10,ELMO1,2,RAP1GAP2,1,CPEB2,1,RFWD3,18,NCBP2AS2,2,AL162718.1,2
DHRS3,5,ID1,4,AC062021.1,4,NXPH1,1,TNR,5,PAPPA,4,OR4N2,4,PXYLP1,2,AC098679.5,4,FGF14,2,TTC12,3,SYNE1,3,PPFIBP2,1,NRXN1,1,NR3C2,2,SQSTM1,1,GNG3,3,AL390957.1,1,LINC01257,3,KLHL29,3,NSG2,2,OGFRL1,1,MYRFL,1,ZNF536,1,TMIGD3,8,PIK3CG,1,CTSL,1,CASC9,1,C1ORF61,10,CLVS2,2,LINC01705,1,CREB5,1,SYNE2,18,HMGCS1,2,THRB,2
AC006148.1,5,HLA-E,4,PTPRN2,4,NUAK1,1,AL133346.1,5,AC099792.1,4,ADAMTS20,4,LHFPL6,2,PDE1A,4,MIAT,2,PLSCR4,3,BTG1,3,PMEPA1,1,NRSN1,1,OXR1,2,SPTY2D1,1,SHISA9,3,AL513166.1,1,LINC01031,3,AL157392.2,3,HECW1,2,TRPC4,1,NALCN-AS1,1,TLR3,1,CD69,8,UBASH3A,1,DANCR,1,CCDC7,1,MT-CYB,10,AC233296.1,2,MAMLD1,1,CTNNA3,1,LIG1,17,RSL1D1,2,AC022034.3,2
LMNTD1,5,ITGA3,4,INSYN2A,4,NTRK3,1,MIR4300HG,5,AC124254.2,4,GPR158,4,FBN2,2,CPPED1,4,HIVEP3,2,LINC00944,3,PGM2L1,3,PKHD1,1,RPS21,1,P2RY14,2,SPRY4-AS1,1,RIT2,3,ANGPT1,1,MLIP,3,NID2,3,MSRA,2,TMEM178A,1,PRICKLE1,1,TLR2,1,AL163541.1,8,PLD4,1,DDIT3,1,CCN4,1,NDUFA3,10,ATCAY,2,CACNA1C,1,CYBRD1,1,MAD2L1,17,OSBPL1A,2,SGIP1,2
AC092924.2,5,DOK5,4,DGKG,4,ADAM9,1,MEGF11,5,PARD3,4,GLRA3,4,RUBCNL,2,SLC7A14,4,FNBP1L,2,RUBCNL,3,APLN,3,PKD1L1,1,SAMD12,1,PARD3B,2,SPDYA,1,AP000829.1,3,ANKDD1B,1,AC011287.1,3,KIF21B,3,LINC01891,2,MROH9,1,NNMT,1,SAMD4A,1,SIGLEC10,8,PLXDC2,1,DDIT4,1,CD96,1,TSC22D4,9,CUX2,2,CCM2,1,CYP2R1,1,CKS2,17,IRF1,2,STOX1,2
LHFPL6,5,PDLIM5,4,CHST9,4,NRXN3,1,KLRC3,5,LYST,4,AC096555.1,4,FGFR1,2,AC092058.1,4,KCNMB2,2,LGALS3,3,CAMK2D,3,PIK3C2G,1,RPS8,1,PCDH17,2,TMC3-AS1,1,LINC02263,3,ANTXR1,1,AC011997.1,3,ANKRD44,3,LINC01949,2,TRMT9B,1,PCNX2,1,TCTEX1D1,1,CPM,8,APOBEC3G,1,DEPP1,1,CELF2,1,SOX4,9,CNTNAP5,2,CAV1,1,CYSTM1,1,ZNF730,17,IMP3,2,BMPR1B,2
AC024145.1,5,CXCL2,4,NTNG1,4,NRCAM,1,ADGRA3,5,TTYH2,4,CDH13,4,SH3KBP1,2,ERBB3,4,NDST3,2,ACOT11,3,PCSK5,3,NPR3,1,TENM2,1,PCDH7,2,TMEM241,1,SLC24A2,3,ANXA1,1,LINC00640,3,BACH2,3,LINC02008,2,TMEM65,1,PLCH1,1,TDRD7,1,AC120193.1,8,APBB1IP,1,DNAJA1,1,CFAP47,1,COPS9,9,CADM1,2,CAPZB,1,DAAM1,1,AC004943.2,17,IER5,2,AC027117.2,2
LIMCH1,5,MRTFB,4,CACNG4,4,RCAN1,1,ADAMTS6,5,MAN2A1,4,ADAMTS6,4,GRB10,2,AC018647.1,4,NDST4,2,ELOVL2,3,PCA3,3,HPSE2,1,TRPC4,1,PCDH9,2,SNORC,1,ATP2B1,3,AR,1,GUCY2C,3,ATP1B1,3,LINC02055,2,OSBPL6,1,NTNG1,1,TESK2,1,TRIM38,8,TYROBP,1,EIF1,1,CHL1,1,FABP7,9,CAMK4,2,CAMK2D,1,DCLK1,1,CDC7,17,RPL39,2,ACSS3,2
SRPX2,5,DPYD-AS1,4,PTPRE,4,RGMA,1,LDLRAD4,5,MARCH3,4,CNTN3,4,GPR158,2,ADAMTS18,4,NEDD4L,2,CFAP47,3,ENOX1,3,LINC00534,1,AC005906.2,1,PLEKHG1,2,VEGFA,1,RASAL1,3,ARMC3,1,LINC00536,3,MMP17,3,LINC02391,2,PCDH11X,1,PEG10,1,TENT5A,1,RNF144B,7,RGS1,1,FABP5,1,CLVS2,1,TUBB4B,9,FAM155A,2,CAMK2B,1,DDIT3,1,CDC20,17,IER2,2,ACSS1,2
AL590999.1,5,MFHAS1,4,DOCK4,4,RETREG1,1,ADAMTS19,5,TNC,4,AC092821.3,4,LINC01798,2,LARP6,4,KCNB2,2,PPP2R2C,3,STAC2,3,AC100849.1,1,TRIM36,1,PCDH9-AS2,2,ZNF627,1,GABRA2,3,ARMC4,1,MTHFD2L,3,PRKG2,3,LINC02487,2,TRIM9,1,PCDH9,1,TNFSF13B,1,EPB41L3,7,AC022126.1,1,FAM43A,1,COL28A1,1,ATP6V1F,9,DCC,2,CADPS,1,DDR2,1,MID1,17,HUNK,2,ATP10B,2
ADCY8,5,MCL1,4,SYT16,4,TMEM178B,1,PTCH1,5,PDE8A,4,COBL,4,EPHA3,2,MEGF10,4,FRRS1L,2,SORCS2,3,VOPP1,3,AC109927.1,1,TNFRSF10B,1,PLCE1,2,ZNF433-AS1,1,TAFA2,3,B3GLCT,1,LHCGR,3,FERMT1,3,LINC02488,2,P4HA1,1,NHS,1,PLVAP,1,FAM149A,7,SIRPB2,1,FTL,1,COLGALT2,1,IGFBP2,9,DAPK1,2,CADM1,1,DEC1,1,POLA2,16,RRAGC,2,CADPS2,2
AC008957.2,5,EGR3,4,ADGRL3,4,TMEM176A,1,LHFPL3-AS1,5,AL022068.1,4,MB21D2,4,PTPRJ,2,OSBPL1A,4,RCAN2,2,NWD1,3,ARID3A,3,AC109466.1,1,TMEM63C,1,PDZD2,2,ZNF20,1,SLC38A11,3,BBOX1,1,LDHC,3,PRIMA1,3,NAV2,2,MPP6,1,PDE10A,1,SEPTIN14,1,MAP3K8,7,ADGRE5,1,GABRE,1,CPNE4,1,HLA-C,9,AC007405.1,2,CAB39,1,DIXDC1,1,CDKN2C,16,RSL24D1,2,SORBS2,2
TTYH2,5,ELOVL5,4,LINC00461,4,TMEM164,1,LINC00511,5,PCDH9,4,SCN1A-AS1,4,GNG12-AS1,2,DAAM2,4,RBMS3,2,HDHD3,3,ERRFI1,3,AC107223.1,1,TMEM44,1,PDGFRA,2,ZMAT3,1,MIAT,3,BCL2,1,KIAA2012,3,ERBB3,3,MYO16-AS1,2,PAG1,1,PDE7B,1,SLC12A7,1,RUNX1,7,AC124014.1,1,GADD45B,1,CPPED1,1,SELENOK,9,DLX1,2,CDH11,1,DMGDH,1,RAD54B,16,NUDT4,2,ACACB,2
GJA1,5,LTF,4,KHDRBS3,4,TMEM163,1,LINC00609,5,PLCE1,4,RALYL,4,PRKD1,2,BEST1,4,MAP3K20-AS1,2,HHATL,3,GAP43,3,AC104664.1,1,AC007402.1,1,MUSK,2,Z93930.2,1,FRRS1L,3,BMPR1B,1,KCNAB1,3,ARHGAP31,3,LRP8,2,ZNF423,1,PBX3,1,SLFN12L,1,PRKCB,7,ACSL5,1,GCNT4,1,CPVL,1,HSPA5,8,CASK,2,CA12,1,DNM1,1,H2AFX,16,RPL37A,2,ARHGEF4,2
SHROOM3,5,CRISPLD1,4,BCHE,4,TMEM108,1,PPFIA2,5,AC093305.1,4,SOX2-OT,4,PVT1,2,AL359091.1,4,GABRA2,2,GPM6A,3,LINC00894,3,AC104574.2,1,THRB,1,MT-ND3,2,WDR66,1,LINC01821,3,BRINP3,1,C5ORF47,3,FMNL2,3,MOXD1,2,PAM,1,PDE8B,1,PTX3,1,ADORA3,7,TFEC,1,GDF15,1,CREM,1,IFITM3,8,CDCA7,2,C5AR1,1,DPH6-DT,1,UHRF1,16,IQGAP1,2,ARHGEF26-AS1,2
USH1C,5,GFPT2,4,LINC01237,4,TGFBR2,1,LINC01619,5,ZFP36L2,4,CALCRL,4,LINC00266-1,2,TRIM2,4,RASGEF1B,2,AL139246.5,3,KISS1R,3,AC104461.1,1,TFPI,1,SPRED1,2,WDR49,1,EEF1A2,3,C1ORF198,1,IL1R2,3,SYNDIG1,3,OTP,2,TMTC2,1,PDGFA,1,RAB20,1,LPAR5,7,SLAMF7,1,GEM,1,CSMD1,1,MT1X,8,DLX2,2,C1QTNF7,1,DPY19L1,1,KIF22,16,HSPA8,2,ARHGAP31,2
AC007262.2,5,LINC00698,4,BCAN,4,TENM1,1,AC112493.1,5,LINC01094,4,BMPER,4,SEMA3A,2,VWA1,4,MACROD2,2,AL360178.1,3,KIF26B,3,AC103409.1,1,TFDP2,1,LINC02147,2,VLDLR-AS1,1,SCN3B,3,C1ORF87,1,NEXN,3,ANO3,3,LYPD6,2,TPM1,1,NHSL1,1,RALYL,1,IFNLR1,7,SLC11A1,1,ZNF622,1,ZNF438,1,JPT1,8,CDH2,2,C11ORF80,1,Z93930.2,1,TIMELESS,16,MIR222HG,2,ARHGAP18,2
